Name,Global_Sales
Nicktoons: MLB,0.13
Shonen Jump's One Piece: Grand Battle,0.14000000000000007
Learn Math,0.14
Nitrobike,0.14
Cruise Ship Vacation Games,0.14
Pro Yaky? Spirits 6,0.13
Paperboy / Rampage,0.1466666666666667
Shiren the Wanderer 4 - God's Eye and the Demon's Navel,0.13
Vampire Moon: The Mystery of the Hidden Sun,0.14
Sentou Kokka Air Land Battle,0.14
Quick Yoga Training,0.14
Attack on Titan (KOEI),0.13
NTRA Breeders' Cup World Thoroughbred Championships,0.14000000000000007
Hulk Hogan's Main Event,0.14
Tak 2: The Staff of Dreams,0.14
Destroy All Humans! Big Willy Unleashed,0.14
Retro Atari Classics,0.13
Imagine: Fashion Designer,0.14
Need for Speed Underground 2,0.14
My Spanish Coach,0.14
Ys: The Ark of Napishtim,0.14000000000000007
Dragon Quest Heroes II: Twin Kings and the Prophecy's End,0.13
Dragon Age Origins: Awakening,0.14
Azure Dreams,0.13
Divinity II: The Dragon Knight Saga,0.14
SingStar Latino,0.14000000000000007
Kung Fu Panda 2,0.11
NHL 2K8,0.15
Pro Baseball Spirits 2015,0.13
Haunted House,0.14
Top Spin 3,0.14000000000000004
Syberia,0.14
Kurt Warner's Arena Football Unleashed,0.13
Puzzle Kingdoms,0.14
Hyperdimension Neptunia,0.16
Life is Strange,0.15
Suite PreCure: Melody Collection,0.13
NHL 2K9,0.14
Shin Megami Tensei: Devil Summoner 2 - Raidou Kuzunoha vs. King Abaddon,0.14000000000000007
Rogue Ops,0.14
NBA Hoopz,0.14000000000000007
Transworld Surf,0.14
History Civil War: Secret Missions,0.13
MLB 11: The Show,0.15
Castrol Honda Superbike Racing,0.13
X-Blades,0.17
Teenage Mutant Ninja Turtles: Danger of the Ooze,0.11000000000000004
Army Men: Green Rogue,0.14
Chessmaster,0.1466666666666667
Brain Assist,0.14
Freddi Fish: ABC under the sea,0.14
Adventures to Go!,0.16
Monster Rancher DS,0.14
Peter Jackson's King Kong: The Official Game of the Movie,0.14
Superman: The Man of Steel,0.13
Kororinpa: Marble Mania,0.11
Ken to Mahou to Gakuen Mono. 3,0.13
The Flintstones: Bedrock Bowling,0.13
NHL 2003,0.14
Chicken Run,0.14
Injustice: Gods Among Us,0.22
Fatal Inertia,0.13
Over the Hedge: Hammy Goes Nuts!,0.14
Phantom Brave: We Meet Again,0.15
NHL 2K9,0.13
Shining Force III,0.14
Jikkyou Powerful Pro Yakyuu 2011 Ketteiban,0.13
Tales of the Heroes: Twin Brave,0.13
WWE Survivor Series,0.14
Kouchuu Ouja Mushi King: Greatest Champion e no Michi DS 2,0.13
Kung-Fu: High Impact,0.15
Euro Truck Simulator 2,0.16
Bakugan: Battle Trainer,0.14
Super Robot Wars BX,0.13
Tomb Raider: Legend,0.14
Nagano Winter Olympics '98,0.13
I Spy: Universe,0.14
Ninjatown,0.13
Warcraft III: Reign of Chaos,0.1
Winning Post 5,0.14
Frogger Beyond,0.14
Lord of the Rings: Tactics,0.13
RPG Maker II,0.14000000000000007
The Oregon Trail,0.14
Alone in the Dark: Inferno,0.15
TRON: Evolution,0.26
Gravity Rush Remastered,0.09000000000000001
Destruction Derby Arenas,0.13
Dengeki Bunko Fighting Climax,0.16
MLB Power Pros 2008,0.11
Littlest Pet Shop: Spring,0.14
The Unholy War,0.13
Cabela's Dangerous Hunts 2009,0.13
Rumble Roses XX,0.16
Total War: WARHAMMER,0.16
Wantame Music Channel: Doko Demo Style,0.13
Disney's Winnie the Pooh's Rumbly Tumbly Adventure,0.135
Shaman King: Power of Spirit,0.14
Anno 1701: Dawn of Discovery,0.11
Soccer Tsuku DS: World Challenge 2010,0.13
The BIGS 2,0.15
LEGO Legends of Chima: Laval's Journey,0.09
DreamWorks Super Star Kartz,0.11000000000000004
Contra III: The Alien Wars,0.14
The Amazing Race,0.14
Dead to Rights: Reckoning,0.14
Slime MoriMori Dragon Quest 3: Taikaizoku to Shippo Dan,0.13
NBA 08,0.14
Hasbro Family Fun Pack,0.14
Amagami,0.13
No Fear Downhill Mountain Biking,0.13
NCIS,0.11000000000000004
The IdolM@ster: One for All,0.13
Fire ProWrestling,0.14
Eternal Poison (JP sales),0.14
Mission: Impossible - Operation Surma,0.14
Legendary,0.15
Chuck E. Cheese's Game Room,0.14
MX 2002 Featuring Ricky Carmichael,0.14
Romance of the Three Kingdoms IV: Wall of Fire,0.15
Illusion of Gaia,0.14
Batman: Arkham Knight,0.14
Disney's Kim Possible: Kimmunicator,0.14
Mega Man Anniversary Collection,0.13
Sally's Salon,0.14
Disruptor,0.13
Pro Evolution Soccer 2017,0.09
Zoobles! Spring to Life!,0.14
Diablo II,0.15
Shrek Smash n' Crash Racing,0.135
F1 2011,0.14
Drakengard 2,0.14
Ben 10 Galactic Racing,0.15
Grand Knights History,0.13
Scene It? Bright Lights! Big Screen!,0.27
Harvest Moon DS (jp sales),0.14
Castlevania: Legacy of Darkness,0.15
Sin and Punishment,0.14
NBA Jam 2000,0.14
Sonic Riders,0.13
Shrek Super Party,0.1466666666666667
Venetica,0.14
Rally Fusion: Race of Champions,0.14000000000000007
The House of the Dead,0.14
Transformers: Prime,0.15
Persona 4: Arena,0.11
Street Fighter IV,0.14000000000000007
Cabela's Alaskan Adventure,0.13
RealSports Volleyball,0.14
Heroes of the Pacific,0.14
RollerCoaster Tycoon,0.1466666666666667
NightCaster,0.14
FIFA World Cup Germany 2006,0.14
Space Camp,0.14
Hitman 2: Silent Assassin,0.14
Lovely Lisa and Friends,0.14
Digimon Racing,0.14
All Star Cheer Squad 2,0.13
Ape Escape 3,0.14000000000000007
"Crouching Tiger, Hidden Dragon",0.14
Final Fantasy XIV: Heavensward,0.10000000000000002
Last Bronx,0.14
Secret Agent Clank,0.17
Barbie and the Three Musketeers,0.14
Science Papa,0.13
Momotaro Douchuuki,0.14
Iridion II,0.14
Whiplash,0.14000000000000007
007: Quantum of Solace,0.13
Family Fortunes,0.14
Borderlands: Double Game Add-On Pack,0.14
Farming Simulator 2011,0.15
Watch Dogs,0.11
BlazBlue: Continuum Shift II,0.10000000000000002
Summon Night: Twin Age,0.14
Spider-Man: Battle for New York,0.14
Pop'n Music Portable,0.13
Nintendo Puzzle Collection,0.13
Destroy All Humans! Path of the Furon,0.11000000000000004
Army Men: Soldiers of Misfortune,0.13
Game Party: Champions,0.15
Otogi: Myth of Demons,0.11
Margot's Word Brain,0.14
Peppa Pig: Fun and Games,0.14
Dreamworks 2-in-1 Party Pack,0.14
Alter Echo,0.13
Walt Disney Pictures Presents: The Wild,0.135
Green Lantern: Rise of the Manhunters,0.15
Puzzle de Harvest Moon,0.14
Metal Max 3,0.13
Rock Band Track Pack Volume 1,0.14
Puyo Puyo!! 20th Anniversary,0.13
My Baby: First Steps,0.14
Namco Soccer Prime Goal,0.16
NBA 08,0.13
Monster Hunter Frontier Online,0.13
Shin Megami Tensei: Digital Devil Saga,0.14000000000000007
Deception IV: Blood Ties,0.10000000000000002
Rango: The Video Game,0.14
Assassination Classroom: Grand Siege on Kuro-sensei,0.13
Megamind: The Blue Defender,0.15
Puppies 3D,0.11000000000000004
Cars 2,0.11
The Stronghold Collection,0.1
Jissen Pachi-Slot Hisshouhou! Aladdin II Evolution,0.13
Mystic Ark,0.14
One Piece: Unlimited World Red,0.15
The Price is Right 2010 Edition,0.14
Cabela's Dangerous Hunts 2009,0.52
Ty the Tasmanian Tiger 2: Bush Rescue,0.14
Teenage Mutant Ninja Turtles 2: Battle Nexus,0.13
Tom Clancy's Splinter Cell: Double Agent,0.10999999999999997
LEGO Racers 2,0.13
Eat Lead: The Return of Matt Hazard,0.14
Yu-Gi-Oh! Nightmare Troubadour (JP sales),0.15
Backyard Baseball,0.13
Star Wars: Lethal Alliance,0.13
Naruto Shippuden: Kizuna Drive,0.06
Under Night In-Birth,0.15
Sega GT,0.14
Steel Battalion: Heavy Armor,0.1
Green Lantern: Rise of the Manhunters,0.11
Legends of Wrestling,0.13
Fit in Six,0.16
Gunstar Heroes,0.14
All-Star Baseball 2004,0.14
Tamagotchi no Pichi Pichi Omisecchi,0.13
Shining Wind,0.14
Rock Band Track Pack Volume 2,0.14
Dokapon Kingdom,0.13
Onechanbara: Bikini Samurai Squad,0.15
Portal Runner,0.13
Pokémon: For Ho-Oh the Bells Toll!: Game Boy Advance Video,0.14
Warriors Orochi 2,0.14
Hyperdevotion Noire: Goddess Black Heart,0.11
Disney's Winnie the Pooh's Rumbly Tumbly Adventure,0.14000000000000007
Assault: Retribution,0.13
Sengoku Basara 3 Utage,0.13
Spartan: Total Warrior,0.14
City Crisis,0.14
Zapper: One Wicked Cricket!,0.135
Smart Boy's Gameroom,0.14
Victorious: Time to Shine,0.14
Star Wars: Clone Wars,0.14
High Rollers Casino,0.1466666666666667
Advent Rising,0.14
Surf Riders,0.13
Torino 2006,0.13
Nobunaga no Yabou: Ranseiki,0.14
Derby Stallion Advance,0.16
The X-Factor,0.1
Monopoly Party,0.1466666666666667
Snood,0.14
TOCA Race Driver 2: Ultimate Racing Simulator,0.135
Monster Jam: Urban Assault,0.14000000000000007
DT Racer,0.14
Soccer Tsuku: Pro Soccer Club o Tsukurou!,0.13
World Cup Golf: Professional Edition,0.13
NBA 2K13,0.11000000000000001
Black Dawn,0.13
428: Fuusa Sareta Shibuya de,0.13
7 Wonders of the Ancient World,0.1
Kelly Slater's Pro Surfer,0.13
Top Shot Arcade,0.13
Warriors of Might and Magic,0.14000000000000007
Twister Mania,0.1
Drome Racers,0.13
Gungnir: Mayari no Gunshin to Eiyuu Sensou,0.14
X-Men: Next Dimension,0.14
Dynasty Warriors 5 Empires,0.15
Fuse (Insomniac),0.15
WipeOut 3 The Game,0.11
7th Dragon 2020-II,0.13
Doukyuusei 2,0.14
Aikatsu! 365 Idol Days,0.13
SkullMonkeys,0.13
Burnout,0.14
Baroque,0.14
SBK 2011: FIM Superbike World Championship,0.11
Jurassic: The Hunted,0.14
Dynasty Warriors: Gundam Reborn,0.13
Little Battlers eXperience: Wars,0.13
DreamWorks Super Star Kartz,0.11000000000000004
Hour of Victory,0.10999999999999997
Indianapolis 500 Legends,0.13
NBA Ballers: Phenom,0.14
Shimano Xtreme Fishing,0.13
Crash Tag Team Racing,0.14
Freedom Fighters,0.13
Yu-Gi-Oh! GX: Tag Force,0.45
NBA 2K17,0.14
Mega Man X Collection,0.15
Left Brain Right Brain 2,0.14
Detana TwinBee Yahho! Deluxe Pack,0.14
Last Ranker,0.13
Quantum Redshift,0.14
The History Channel: Great Battles - Medieval,0.11000000000000004
Smash Court Tennis Pro Tournament 2,0.14000000000000007
Brothers in Arms: Double Time,0.11
Legends of Wrestling II,0.14
Power Pro Kun Pocket 13,0.13
Armed and Dangerous,0.14
Football Manager 2012,0.10500000000000001
Project CARS,0.16
Teenage Mutant Ninja Turtles: Arcade Attack,0.14
World Soccer Winning Eleven 2002,0.16
Actua Tennis,0.13
Monster Truck Madness,0.14
Resident Evil,0.16
Sonic Jam,0.16
Puella Magi Madoka Magica Portable,0.16
Peter Jacobsen's Golden Tee Golf,0.13
Space Bust-A-Move,0.14
Avatar: The Last Airbender - Into the Inferno,0.13
Deadpool,0.15
Disney's Atlantis: The Lost Empire,0.14
Nippon Daihyou Team no Kantoku ni Narou! Sekaihatsu Soccer RPG,0.16
Just Cause 2,0.11
Crush3D,0.11000000000000001
LEGO Marvel's Avengers,0.10000000000000002
High Velocity: Mountain Racing Challenge,0.16
NeverDead,0.10000000000000002
Capcom vs. SNK 2: Millionaire Fighting 2001,0.16
Criticom,0.13
Mega Man X: Command Mission,0.14
Charm Girls Club: My Fashion Mall,0.14
SCORE International Baja 1000: The Official Game,0.13
Deepak Chopra's Leela,0.1
Need for Speed: ProStreet,0.13
DiRT Rally,0.14
NHL 2K7,0.11
Go Play: Circus Star,0.14
Worms 3D,0.14000000000000007
Gladiator Begins,0.11
Clock Tower: The First Fear,0.16
Sleeping Dogs,0.17
Kidou Senshi Gundam Seed Battle Destiny,0.16
Diner Dash: Sizzle & Serve,0.11
Impossible Mission,0.11
"Kilari: Na-san, Mon Meilleur Ami",0.16
Strikers 1945,0.13
Ochaken no Heya DS,0.16
Fire ProWrestling S: 6Men Scramble,0.16
Galidor: Defenders of the Outer Dimension,0.13
Pryzm Chapter One: The Dark Unicorn,0.14
Gundam Battle Royale,0.16
F1 2016 (Codemasters),0.11
Eat Lead: The Return of Matt Hazard,0.10999999999999997
Karaoke Revolution,0.14
Zen-Nippon Pro Wrestling: Ouja no Kon,0.16
NASCAR 2005: Chase for the Cup,0.14
Are You Smarter than a 5th Grader? Game Time,0.14
"Hisshou Pachinko*Pachi-Slot Kouryaku Series Vol. 12: CR Shinseiki Evangelion - Shito, Futatabi",0.16
Guilty Gear X,0.14000000000000007
Obscure: The Aftermath,0.11
One Piece: Pirate Warriors 2,0.16
Gotouchi Tetsudou: Gotouchi Chara to Nihon Zenkoku no Tabi,0.16
NHL 2002,0.14
Mugen no Frontier: Super Robot Taisen OG Saga EXCEED,0.16
Etrian Odyssey V,0.16
Disney's PK: Out of the Shadows,0.14
Wild Earth: African Safari,0.14
Echo Night,0.14
Wild ARMs 5 (jp sales),0.16
Record of Agarest War Zero,0.14
Colony Wars III: Red Sun,0.14000000000000007
Magic: The Gathering - Battlemage,0.13
Rocksmith,0.10000000000000002
Backyard Baseball '09,0.11
James Bond 007: Legends,0.11
Conception II: Children of the Seven Stars,0.11
The King of Fighters '94,0.16
DS Yamamura Misa Suspense: Maiko Kogiku - Kisha Katherine - Sougiya Isa Akashi - Koto ni Maru Hana Sanrin: Kyoto Satujin Jinken File,0.16
All Kamen Rider: Rider Generation,0.16
The King of Fighters '98 Ultimate Match,0.09
Reader Rabbit Kindergarten,0.14
Puzzle Quest: Challenge of the Warlords,0.13
Chessmaster: The Art of Learning,0.22
Guardian's Crusade,0.13
MotoGP 3 - Official Game of MotoGP,0.14000000000000007
Lego Star Wars: The Force Awakens,0.14
Makai Kingdom: Chronicles of the Sacred Tome,0.14000000000000007
Lemony Snicket's A Series of Unfortunate Events,0.14
Gundam Breaker 3,0.16
Neopets Petpet Adventures: The Wand of Wishing,0.11
The Ant Bully,0.11000000000000003
M&M's Kart Racing,0.11
Bomberman Party Edition,0.13
Ice Age: Dawn of the Dinosaurs,0.11000000000000003
SingStar Vol. 3,0.1
Star Trek: Conquest,0.14
My Fitness Coach: Club,0.10000000000000002
Major League Baseball 2K8 Fantasy All-Stars,0.11
Eyeshield 21: Max Devil Power,0.16
Summon Night 3,0.16
O.D.T.: Escape... Or Die Trying,0.13
Madden NFL 06,0.11
Rango: The Video Game,0.11000000000000001
Break 'Em All,0.11
Super Robot Wars OG Saga: Masou Kishin II - Revelation of Evil God,0.16
Mobile Suit Gundam Seed: Rengou vs. Z.A.F.T. Portable,0.16
San Goku Shi V,0.16
Red Faction II,0.14
Go! Sudoku,0.11
Daikaijyuu Monogatari II,0.16
Rock Band Track Pack Volume 2,0.14
Voodoo Vince,0.14
Disney Sing It: Party Hits,0.11
Gundam Memories: Tatakai no Kioku,0.16
Everybody Dance,0.14
Kaijuu Busters,0.16
Blackwater,0.11000000000000003
Tom Clancy's Ghost Recon,0.10999999999999997
Ferrari Challenge Trofeo Pirelli,0.14
Moshi Monsters: Katsuma Unleashed,0.13
Virtua Fighter CG Portrait Series Vol.4: Pai Chan,0.16
Chase: Hollywood Stunt Driver,0.14
Mobile Suit Gundam Side Story: Missing Link,0.16
Thor: God of Thunder,0.11000000000000004
The X Files: Resist or Serve,0.14000000000000007
Touch My Katamari,0.11
PixelJunk Monsters Deluxe,0.11
Saru! Get You! Million Monkeys,0.16
Legend of the Guardians: The Owls of Ga'Hoole,0.13
Ben 10 Galactic Racing,0.11000000000000004
Curious George,0.14
Killer is Dead,0.11000000000000001
Don Bradman Cricket 14,0.10000000000000002
Megamind: Ultimate Showdown,0.11
Zathura,0.14
Medarot DS: Kabuto / Kuwagata Ver.,0.16
Atelier Sophie: The Alchemist of the Mysterious Book,0.1
Mytran Wars,0.11000000000000001
Making History: The Great War,0.16
NCIS,0.11
Undead Knights,0.11
Ninja Reflex,0.11
Cel Damage,0.14
Lovely Lisa,0.11
Dance Paradise,0.11
SSX 3,0.13
Sword Art Online: Hollow Fragment,0.11
Supremacy MMA,0.11
Yamakawa Shuppansha Kanshuu: Shousetsu Nihonshi B,0.16
The God of War Trilogy,0.11
Lunar: Dragon Song,0.11
Breakdown,0.14
Rush,0.11
Ecco the Dolphin,0.16
Solitaire & Mahjong,0.11
Venetica,0.11
Looney Tunes: Sheep Raider,0.14000000000000007
Horse Life,0.11000000000000003
Geometry Wars: Galaxies,0.11
Robinson: The Journey,0.14
Conduit 2,0.11000000000000001
Harvest Moon 2 GBC,0.16
Zenses: Rainforest,0.1
Backyard Baseball '10,0.11
Rise of the Tomb Raider,0.16
The Lord of the Rings: Aragorn's Quest,0.10500000000000001
X2: Wolverine's Revenge,0.11000000000000003
Cabela's Dangerous Hunts 2011,0.11
Hatsune Miku: Project Diva X,0.14
Deadliest Catch: Sea of Chaos,0.11
McDROID,0.16
Destiny: The Collection,0.11
Lego Star Wars: The Force Awakens,0.11
Gallop Racer 2000,0.1100000000000001
Showdown: Legends of Wrestling,0.13
Godzilla Unleashed: Double Smash,0.11
My Farm Around the World,0.11
Macross Triangle Frontier,0.16
SpongeBob's Surf & Skate Roadtrip,0.11
Farming Simulator 17,0.14
Dishonored 2,0.14
NASCAR Unleashed,0.11
The Smurfs 2,0.09
Street Hoops,0.11000000000000003
Backyard Sports Football: Rookie Rush,0.11
Transformers: War for Cybertron -- Decepticons,0.13
Rocket: Robot on Wheels,0.14
Densha De Go! 64,0.06
NFL QB Club 2001,0.13
Earthworm Jim 3D,0.14
NPPL: Championship Paintball 2009,0.10999999999999997
Shin Megami Tensei: Devil Survivor 2,0.15
Atelier Annie: Alchemists of Sera Island,0.11
WRC: FIA World Rally Championship,0.1
PBR: Out of the Chute,0.11
WWE SmackDown vs Raw 2008,0.11
Godzilla: Destroy All Monsters Melee,0.14
College Hoops 2K6,0.11
Sega Soccer Slam,0.14000000000000007
Dragon Quest Builders: Revive Alefgard,0.16
Dora the Explorer: Dora Saves the Mermaids,0.14000000000000007
2 Games in 1 Double Pack: Hot Wheels Velocity X / Hot Wheels World Race,0.135
DiRT 2,0.11
Mahou Shoujo Lyrical Nanoha A's Portable: The Gears of Destiny,0.16
Dodge Racing: Charger vs Challenger,0.11
Fate/Extra CCC,0.16
Greg Hastings Paintball 2,0.11
Fat Princess: Fistful of Cake,0.11
MTV Sports: Pure Ride,0.14000000000000007
Burning Road,0.13
Sonic Adventure 2,0.16
IndyCar Series,0.14000000000000007
Slayers,0.16
Super Robot Wars OG Saga: Masou Kishin - The Lord of Elemental,0.16
Space Chimps,0.14
Backyard Sports Football: Rookie Rush,0.11
Crash Superpack: Crash Bandicoot 2: N-Tranced / Crash Nitro Kart,0.14
Famicom Mini: TwinBee,0.16
Tony Hawk's Pro Skater 5,0.11000000000000003
Gladiator: Sword of Vengeance,0.14
Rodea the Sky Soldier,0.11000000000000001
The Daring Game for Girls,0.11
Yakuza Kiwami,0.16
DreamWorks Super Star Kartz,0.11000000000000004
Pinball Hall of Fame: The Williams Collection,0.11
Ultimate Card Games,0.14
Jikkyou Powerful Pro Yakyuu 8 Ketteiban,0.16
NBA 2K17,0.11000000000000003
Academy of Champions: Soccer,0.11000000000000003
Overlord: Raising Hell,0.11
Wallace & Gromit: Curse of the Were-Rabbit,0.14000000000000007
Power Gig: Rise of the SixString,0.11
Mountain Sports,0.11
Puzzle Kingdoms,0.11
Skylanders: SuperChargers,0.11
Monster Jam: Path of Destruction,0.11
The Bible Game,0.14
NFL Head Coach,0.14
Just Dance: Disney Party,0.09
Medarot 4: Kabuto / Kuwagata Version,0.16
Deca Sports Extreme,0.11
Kidz Sports: Crazy Golf,0.11
Major League Baseball 2K6,0.38
Mahou Shoujo Lyrical Nanoha A's Portable: The Battle of Aces,0.16
Deepak Chopra's Leela,0.11
"Ed, Edd n Eddy: The Mis-Edventures",0.11000000000000004
Onimusha: Blade Warriors,0.13
One Piece: Super Grand Battle! X,0.16
Disney's Extreme Skate Adventure,0.11000000000000003
Akuji the Heartless,0.11
NBA 2K2,0.11000000000000003
Akiba's Trip: Undead & Undressed,0.1
Psychonauts,0.14
Tales of Berseria,0.16
Jeremy McGrath Supercross World,0.11000000000000003
Uta no * Prince-Sama: All Star,0.16
HardBall 5,0.11
Airborne Troops: Countdown to D-Day,0.14
MLB Inside Pitch 2003,0.14
Jikkyou Powerful Pro Yakyuu 2014,0.16
Skate City Heroes,0.11
The Sky Crawlers: Innocent Aces,0.11
Battle Arena Toshinden Remix,0.16
nail'd,0.1
Legends of Wrestling II,0.11000000000000003
Lost Magic,0.11
A.C.E.: Another Century's Episode Portable,0.16
Jaws: Ultimate Predator,0.11
Marvel Avengers: Battle for Earth,0.11
Jikkyou Powerful Pro Yakyuu 9,0.1100000000000001
Rock Band: Metal Track Pack,0.14
Alice: Madness Returns,0.11
Barbie as The Island Princess,0.11
Crime Killer,0.11
Petz Puppyz & Kittenz,0.11
Backyard Wrestling 2: There Goes the Neighborhood,0.13
Raiden IV,0.14
MX vs. ATV Untamed,0.11
Tom Clancy's Splinter Cell: Blacklist,0.14
SD Gundam G Generation-F.I.F,0.1100000000000001
Bishoujo Senshi Sailormoon S: Juugai Rantou!? Shuyaku Soudatsusen,0.16
Rubik's World,0.10999999999999997
Zenses: Ocean,0.1
Phantasy Star Universe,0.11
Peggle: Dual Shot,0.11
NPPL: Championship Paintball 2009,0.11
Spider-Man: Edge of Time,0.11000000000000004
Cruis'n,0.10999999999999997
Samurai Warriors 4-II,0.1
Harukanaru Augusta 2: Masters,0.16
Castlevania: Curse of Darkness,0.14
SimAnimals Africa,0.10999999999999997
Love Live! School Idol Paradise,0.16
Lost Planet 3,0.11
Battles of Prince of Persia,0.1
The Clique: Diss and Make Up,0.11
Mobil 1 Rally Championship,0.11
USA Today Crossword Challenge,0.11
King of Colosseum (Red): Shin Nippon x Zen Nippon x Pancrase Disc,0.16
Turok: Evolution,0.11000000000000004
Charm Girls Club: My Perfect Prom,0.11
Marvel Trading Card Game,0.11
Rugrats: Totally Angelica,0.11
Nightshade,0.11
Brunswick Pro Bowling,0.11
CSI: Crime Scene Investigation,0.14
Wipeout 2,0.14
LEGO Batman 2: DC Super Heroes,0.11
Ultimate Puzzle Games: Sudoku Edition,0.11
Buffy the Vampire Slayer: Chaos Bleeds,0.14
Onechanbara: Bikini Zombie Slayers,0.11
Hanagumi Taisen Columns,0.16
Tropico 5,0.1
Tales of Destiny 2,0.16
Teenage Mutant Ninja Turtles 3: Mutant Nightmare,0.11000000000000003
Reality Fighters,0.11
Petz Fantasy: Moonlight Magic,0.11
The Price is Right: Decades,0.11
Power Pro Kun Pocket 14,0.16
Dragon Ball: Origins,0.11
Jikkyou Powerful Pro Baseball 2016,0.16
FIFA 17,0.16
After Hours Athletes,0.10000000000000002
UN Squadron,0.16
Tecmo Super Bowl,0.1
Disney Princess: Enchanting Storybooks,0.11000000000000001
Dora the Explorer: Journey to the Purple Planet,0.11000000000000003
Lunar 2: Eternal Blue,0.16
NHL Powerplay '96,0.1
Thousand Arms,0.11
Arctic Thunder,0.11000000000000003
Barnyard,0.11000000000000003
2 in 1 Combo Pack: Sonic Heroes / Super Monkey Ball Deluxe,0.1
Stolen Song,0.1100000000000001
Armored Core: Verdict Day,0.16
Yattaman DS: BikkuriDokkiri Daisakusen da Koron,0.16
Madden NFL 17,0.11
Harvey Birdman: Attorney at Law,0.11000000000000004
My Chinese Coach,0.1
Lost in Shadow,0.11
DEATH NOTE: Kira Game,0.16
Legend of the Guardians: The Owls of Ga'Hoole,0.1
Sengoku Cyber: Fujimaru Jigokuhen,0.1100000000000001
Hisshou Pachinko*Pachi-Slot Kouryaku Series Vol.10: CR Shinseiki Evangelion: Kiseki no Kachi,0.16
ASH: Archaic Sealed Heat,0.16
DreamWorks Super Star Kartz,0.1
Dorabase 2: Nettou Ultra Stadium,0.16
Where the Wild Things Are,0.11
Center Ring Boxing,0.16
NHL 2K3,0.11000000000000003
Die Hard: Vendetta,0.11000000000000003
F1 2002,0.11
Every Extend Extra,0.11
FIFA Soccer,0.11
Cabela's North American Adventures,0.17
Darkspore,0.11
Self-Defense Training Camp,0.11000000000000004
Sphinx and the Cursed Mummy,0.11000000000000003
Midnight Mysteries: The Edgar Allan Poe Conspiracy,0.1
Dynasty Warriors 8: Xtreme Legends,0.1
GT Advance 2: Rally Racing,0.11000000000000004
Yakuza,0.1100000000000001
Karaoke Revolution Presents American Idol Encore 2,0.14
Deception IV: Blood Ties,0.11
DOA 2: Dead or Alive 2 Hardcore,0.1100000000000001
Tenchu: Shadow Assassins,0.11
Fuse (Insomniac),0.11000000000000004
Cabela's Deer Hunt 2005 Season,0.11000000000000003
SplashDown,0.11000000000000003
18 Wheels of Steel: Extreme Trucker 2,0.1
Nobunaga no Yabou: Tenshoki,0.1100000000000001
F1 Racing Championship,0.11
Dead Man's Hand,0.11000000000000003
Smash Cars,0.11
NASCAR 07,0.11
Merv Griffin's Crosswords,0.11
Tecmo Bowl: Kickoff,0.11
Lost Horizon,0.11
SingStar Latino,0.14
NFL Tour,0.38
Digimon World 4,0.09000000000000002
MLB 2K9 Fantasy All-Stars,0.08999999999999997
Spectral Force 3,0.08999999999999997
Ford Racing 3,0.08999999999999998
MLB SlugFest Loaded,0.08999999999999998
Sotsugyou Crossworld,0.09
Ty the Tasmanian Tiger 3: Night of the Quinkan,0.09000000000000002
The Amazing Spider-Man (Console Version),0.09
Ys I & II Chronicles,0.1
R: Racing Evolution,0.10000000000000002
Bionicle,0.09000000000000002
The Ant Bully,0.08999999999999997
Risen 3: Titan Lords,0.19
Bleach GC: Tasogare Ni Mamieru Shinigami,0.08999999999999994
Chou Jigen Game Neptune Mk-II,0.08999999999999994
Battle Fantasia,0.09
Jikkyou Powerful Pro Yakyuu 2000 Ketteiban,0.09
Karaoke Revolution,0.1
Fire Pro Wrestling Returns,0.09
Obscure: The Aftermath,0.09
Jimmy Neutron: Boy Genius,0.09000000000000002
Henry Hatsworth in the Puzzling Adventure,0.1
Derby Stallion,0.08999999999999998
Rollcage Stage II,0.09
Samurai Warriors 2: Xtreme Legends,0.09
Dead or Alive 5,0.09
Karaoke Joysound Wii DX,0.08999999999999994
Sloane to MacHale no Nazo no Monogatari 2,0.08999999999999994
Game Hits!,0.08999999999999998
Spider-Man: Edge of Time,0.08999999999999998
Tabi no Yubisashi Kaiwachou DS: DS Series 4 America,0.08999999999999994
Invasion From Beyond,0.09
Jumper: Griffin's Story,0.08999999999999997
Forgotten Realms: Demon Stone,0.08999999999999998
Major League Baseball 2K7,0.08999999999999997
Rock Band 3,0.08999999999999998
LEGO Star Wars II: The Original Trilogy,0.08999999999999998
Dynasty Warriors 8: Empires,0.08999999999999994
Batman: A Telltale Game Series,0.1
Tim Burton's The Nightmare Before Christmas: Oogie's Revenge,0.08999999999999998
Mahjong Master,0.15
Crash Boom Bang!,0.08999999999999998
Royal Palace of White Sword and The City of Gentiles,0.08999999999999998
Top Gear Rally,0.09000000000000002
Red Faction: Armageddon,0.15
BIT.TRIP COMPLETE,0.08999999999999998
L: the proLogue to DEATH NOTE - Rasen no Wana,0.08999999999999994
Rugby 15,0.10000000000000002
Famicom Mini: Makaimura,0.1
The Witch and the Hundred Knight,0.09000000000000001
XIII,0.09000000000000002
Kuroko's Basketball: Ties to Future,0.08999999999999994
Data East Arcade Classics,0.08999999999999997
Ski and Shoot,0.08999999999999998
The Incredibles: Rise of the Underminer,0.08999999999999998
Theme Hospital,0.1
Inazuma Eleven 3,0.09
Wizardry: Tale of the Forsaken Land,0.09
ShellShock 2: Blood Trails,0.09
Just Dance Wii U,0.08999999999999994
F.E.A.R. Files,0.08999999999999998
ChuChu Rocket!,0.09000000000000002
FIFA 12,0.02
Codename Tenka,0.09
Savage Skies,0.09
Indianapolis 500 Legends,0.08999999999999997
Sega Bass Fishing,0.08999999999999998
Walt Disney's The Jungle Book: Rhythm N'Groove,0.09
Assassin's Creed Chronicles,0.049999999999999996
The Smurfs 2,0.09
Lara Croft and the Temple of Osiris,0.09
Million God,0.08999999999999998
Cyberia,0.09
The Sims 2: Apartment Life,0.08999999999999998
Killer7,0.09
Age of Mythology,0.11
Busy Scissors,0.08999999999999997
Lost Heroes,0.08999999999999994
Astro Boy,0.09
RollerCoaster Tycoon 3: Platinum,0.08999999999999998
SD Gundam G Generation Genesis,0.08999999999999994
Wacky World of Sports,0.08999999999999997
Puss in Boots,0.08999999999999998
Monster House,0.08999999999999998
Wing Commander IV: The Price of Freedom,0.09
Cloudy With a Chance of Meatballs,0.08999999999999997
Charlotte's Web,0.09
MetropolisMania,0.09
Mystery Stories: Curse of the Ancient Spirits,0.1
Shin Megami Tensei: Devil Summoner - Raidou Kuzunoha vs. The Soulless Army,0.08999999999999994
Bomberman Land Touch!,0.09000000000000001
Monster Jam: Urban Assault,0.1
My Make-Up,0.08999999999999997
50 Cent: Bulletproof,0.09
Princess Maker 2,0.08999999999999998
NCAA Football 08,0.08999999999999998
SRS: Street Racing Syndicate,0.09000000000000002
Ephemeral Fantasia,0.09
1 vs. 100,0.08999999999999997
Winter Sports 2: The Next Challenge,0.1
Destroy All Humans! Path of the Furon,0.11
Major League Baseball 2K9,0.08999999999999997
Aibou DS,0.08999999999999994
Great Party Games,0.09
Tokimeki Memorial: Taisen Pazurudama,0.08999999999999998
Beat Sketch!,0.08999999999999994
Bleach: Heat the Soul 5,0.08999999999999994
Koudelka,0.09
Animal Planet: Emergency Vets,0.08999999999999997
IHRA Drag Racing: Sportsman Edition,0.09
Virtua Fighter CG Portrait Series Vol.2: Jacky Bryant,0.08999999999999998
Famicom Mini: Famicom Mukashi Banashi - Shin Oniga Shima Zenkouhen,0.09
Counter-Strike: Source,0.14
Puzzle Chronicles,0.08999999999999997
Ski-Doo Snowmobile Challenge,0.1
Gray Matter,0.09000000000000001
Brain Voyage,0.06
America's Army: True Soldiers,0.1
Adventure Time: Finn & Jake Investigations,0.08999999999999998
Toukiden 2,0.08999999999999994
Raiden Fighters Aces,0.08999999999999998
My Stop Smoking Coach: Allen Carr's EasyWay,0.08999999999999997
SD Gundam G Generation Genesis,0.08999999999999994
NASCAR The Game: Inside Line,0.1
Star Wars: Empire at War,0.11
Pachitte Chonmage Tatsujin 13: Pachinko Hissatsu Shigotojin III,0.08999999999999994
BlazBlue Central Fiction,0.09
Wreckin Crew,0.09
Theme Park,0.08999999999999998
Famicom Mini: Mario Bros.,0.1
RockMan EXE 4.5 Real Operation,0.09
Rescue Heroes: Billy Blazes,0.09000000000000002
Jaws: Ultimate Predator,0.09000000000000001
Are You Smarter Than a 5th Grader? Back to School,0.08999999999999997
Sega GT Online,0.08999999999999998
SingStar: Made In Germany,0.445
Derby Tsuku: Derby Uma o Tsukurou!,0.08999999999999998
Frantix,0.08999999999999997
Knights in the Nightmare,0.09
SeaWorld Adventure Parks: Shamu's Deep Sea Adventure,0.09000000000000002
Marvel Nemesis: Rise of the Imperfects,0.08999999999999997
Prisoner of War,0.08999999999999998
Konami Classics Vol. 1,0.08999999999999997
Princess Isabella: A Witch's Curse,0.09
S.C.A.R.S,0.09
The King of Fighters '98: Dream Match Never Ends,0.09
The Seven Deadly Sins: Unjust Sin,0.08999999999999994
ESPN NFL Primetime 2002,0.09
Zoids: Legacy,0.09000000000000002
Kidou Senshi Gundam 00,0.08999999999999994
Nano Assault,0.09
Captain America: Super Soldier,0.15
Onimusha Tactics,0.09000000000000002
Bomberman Jetters,0.09000000000000002
Nikoli's Pencil Puzzle,0.09
TOCA Race Driver 3,0.09
Mad Dog McCree: Gunslinger Pack,0.08999999999999997
Deadliest Catch: Sea of Chaos,0.08999999999999997
Pac-Man Power Pack,0.09
How to Train Your Dragon 2,0.1
Blacksite: Area 51,0.08999999999999998
Disney's Donald Duck: Goin' Quackers,0.09
Ultimate Brain Games,0.09000000000000002
Charm Girls Club: My Fashion Show,0.08999999999999997
Angry Birds Star Wars,0.1
Exit,0.09
Armorines: Project S.W.A.R.M.,0.09
Gundam Seed: Battle Assault,0.09000000000000002
Harvey Birdman: Attorney at Law,0.08999999999999997
Chibi Maruko-Chan: Harikiri 365-Nichi no Maki,0.15
The Voice,0.1
SaGa 3: Jikuu no Hasha - Shadow or Light,0.08999999999999994
Thomas & Friends: Hero of the Rails,0.09
The Secret Saturdays: Beasts of the 5th Sun,0.08999999999999997
Wonder World Amusement Park,0.08999999999999997
Famicom Mini: Adventure Island,0.1
Aliens versus Predator: Extinction,0.08999999999999998
Bejeweled 3,0.09000000000000001
RTX Red Rock,0.09
Tokimeki Memorial: Girl's Side,0.08999999999999998
FIFA Street 2,0.08999999999999998
Smart Bomb,0.08999999999999997
Edna & Harvey: Harvey's New Eyes,0.09
Shining Force: Resurrection of the Dark Dragon,0.09000000000000002
Shining Soul II,0.09000000000000002
Orega Kantoku Da! Gekitou Pennant Race,0.09
Guilty Gear XX Accent Core Plus,0.06
The Golf Club,0.09
Hello Kitty: Roller Rescue,0.09000000000000002
Jikkyou Powerful Pro Yakyuu 12,0.08999999999999994
Metal Slug Advance,0.09000000000000002
Pac-Man World Rally,0.08999999999999998
Gradius Galaxies,0.09000000000000002
Blazing Angels: Squadrons of WWII,0.08999999999999998
God Eater Resurrection,0.1
Mortal Kombat Kollection,0.09
NHL 2K7,0.1
LEGO Soccer Mania,0.09
Blades of Blood: Samurai Shodown III,0.09
MotoGP 14,0.09
Gundam the 3D Battle,0.08999999999999994
Air Conflicts: Secret Wars,0.08999999999999998
Face Racers: Photo Finish,0.09
Miami Nights: Singles in the City,0.08999999999999997
Shovel Knight,0.09
Godzilla Generations,0.08999999999999998
Strider 2,0.09
Forbidden Siren 2,0.08999999999999994
Board Game Classics,0.09000000000000002
Invizimals: The Alliance,0.09
Midnight Play! Pack,0.08999999999999997
Junior Mystery Quest,0.08999999999999998
Death Jr. and the Science Fair of Doom,0.08999999999999997
101-in-1 Sports Megamix,0.08999999999999997
Shin Megami Tensei: Digital Devil Saga 2,0.09
Pro Evolution Soccer 2013,0.08999999999999998
Transformers: Devastation,0.08999999999999998
Playmobil Pirates,0.1
Zatch Bell! Mamodo Battles,0.09
The Penguins of Madagascar: Dr. Blowhole Returns - Again!,0.09
Wildlife Park 3,0.08999999999999998
Get Fit with Mel B,0.09
Battleborn,0.10000000000000002
Dream Day: Wedding Destinations,0.08999999999999997
Agatha Christie: Evil Under the Sun,0.06
Cloudy With a Chance of Meatballs,0.08999999999999997
Iron Man / X-O Manowar in Heavy Metal,0.09
Kamen Rider: Travelers Senki,0.08999999999999994
Derby Stallion 98,0.09
Pimp My Ride: Street Racing,0.09
Pretty Rhythm: My Deco Rainbow Wedding,0.08999999999999994
Robotron X,0.09
Naruto Shippuden: Shinobi Rumble,0.09000000000000001
Martian Panic,0.09000000000000001
J-League Winning Eleven 2009: Club Championship,0.08999999999999994
Don King Boxing,0.09
Build 'n Race,0.1
Grand Prix Challenge,0.09
Meitantei Conan & Kindaichi Shounen no Jikenbou: Meguri au Futari no Meitantei,0.08999999999999994
Guilty Gear Xrd -Revelator-,0.11
FIFA Soccer 2005,0.09000000000000002
PoPoLoCrois (JP sales),0.08999999999999994
ShellShock 2: Blood Trails,0.09
Ken to Mahou to Gakuen Mono. 2,0.08999999999999994
Mega Man Legacy Collection,0.11
Knights Contract,0.09
Kaijuu Busters Powered,0.08999999999999994
NHL 06,0.09000000000000002
The Spiderwick Chronicles,0.08999999999999997
Initial D: Extreme Stage,0.08999999999999994
Pinobee: Wings of Adventure,0.09000000000000002
Touch Mechanic,0.08999999999999997
State of Emergency 2,0.09
Sushi Academy,0.1
Gintama Gin-Oh Quest: Gin-San ga Tenshoku Shitari Sekai wo Sukuttari,0.08999999999999994
One Piece: Romance Dawn - Bouken no Yoake,0.08999999999999994
I Am In The Movie,0.08999999999999994
Fatal Frame III: The Tormented,0.09
Zero: Tsukihami no Kamen,0.08999999999999994
Seven Samurai 20XX,0.09
Generator Rex: Agent of Providence,0.09
Adventure Time: The Secret of the Nameless Kingdom,0.09
Risen 3: Titan Lords,0.09000000000000001
"Hisshou Pachinko*Pachi-Slot Kouryaku Series DS Vol. 2: Shinseiki Evangelion - Shito, Futatabi",0.08999999999999994
Transformers: Devastation,0.11
Jikkyou Powerful Pro Yakyuu 15,0.08999999999999994
Tornado Outbreak,0.08999999999999997
Ninjabread Man,0.1
Tom Clancy's Splinter Cell: Pandora Tomorrow,0.09000000000000002
DanceDanceRevolution,0.08999999999999997
Battlefield 2,0.1
Slayers Royal,0.10000000000000002
Swingerz Golf,0.09000000000000002
Pro Evolution Soccer 2008 (JP sales),0.08999999999999994
Murder in Venice,0.15
Titanfall 2,0.08999999999999998
Persona 4: Arena Ultimax,0.11
Supremacy MMA,0.15
Pretty Rhythm Rainbow Live: Kira Kira My * Design,0.08999999999999994
The King of Fighters 2006,0.09000000000000001
The Hidden,0.1
Nobunaga's Ambition: Rise to Power,0.1
FIFA Soccer 2003,0.09000000000000002
DaGeDar,0.09000000000000001
Little League World Series Baseball 2010,0.09000000000000001
Outlaw Golf,0.09000000000000002
Steins;Gate: Hiyoku Renri no Darling,0.08999999999999994
Major League Baseball 2K11,0.09
King's Field (Japan),0.10000000000000002
Slam 'n Jam '96 featuring Magic & Kareem,0.09
Petz: Dogz Family,0.15
My English Coach: Para Hispanoparlantes,0.08999999999999997
ToraDora Portable!,0.08999999999999994
The Italian Job,0.1
Smuggler's Run: Warzones,0.09000000000000002
SafeCracker: The Ultimate Puzzle Adventure,0.08999999999999998
Warriors Orochi 3 Hyper,0.1
Diva Girls: Divas on Ice,0.08999999999999997
NBA 10: The Inside,0.08999999999999997
Kaidan Restaurant: Ura Menu 100-Sen,0.08999999999999994
Qubed,0.08999999999999997
R/C Stunt Copter,0.09
Yamakawa Shuppansha Kanshuu: Shousetsu Sekaishi B,0.08999999999999994
Cartoon Network: Punch Time Explosion XL,0.08999999999999998
Final Fantasy VI,0.10000000000000002
PAC-MAN and the Ghostly Adventures,0.1
WSC Real 11: World Snooker Championship,0.09
Pop'n Music,0.08999999999999997
Jikkyou Powerful Major League 2009,0.08999999999999994
Space Channel 5 Special Edition,0.09
The Legend of Alon D'ar,0.09
Uta no Prince-Sama: All Star After Secret,0.08999999999999994
The Sims 3: Fast Lane Stuff,0.06
Black/Matrix,0.08999999999999998
My Friends,0.08999999999999997
Big Mutha Truckers,0.09000000000000002
Man vs. Wild,0.09000000000000001
The King of Fighters '96,0.10000000000000002
Legend of the Guardians: The Owls of Ga'Hoole,0.09
Super Robot Taisen OG Saga: Endless Frontier,0.09
Sniper: Ghost Warrior 2,0.09000000000000001
Samurai Shodown Sen,0.08999999999999998
NHL Breakaway 99,0.08999999999999998
Tony Hawk's Pro Skater 3,0.09000000000000002
Iggy's Reckin' Balls,0.09000000000000002
The Space Bar,0.08999999999999998
Bust-A-Move 2 Arcade Edition,0.09000000000000002
Knife Edge: NoseGunner,0.09000000000000002
Wetrix,0.09000000000000002
EyeCreate,0.54
Samurai Western,0.09
Looney Tunes: Acme Arsenal,0.09
Line Rider 2: Unbound,0.08999999999999997
Princess in Love,0.08999999999999997
Harry Potter and the Sorcerer's Stone,0.09000000000000002
High Heat Major League Baseball 2004,0.09
TimeSplitters: Future Perfect,0.09000000000000002
Pro Cycling Manager 2016,0.11
Sports Collection,0.09
Captain Tsubasa: New Kick Off,0.09
Puzzler Mind Gym 3D,0.08999999999999997
"Warhammer 40,000: Dawn of War II - Retribution",0.08999999999999998
Kenshuui Tendo Dokuta,0.09
Super Sentai Battle: Ranger Cross,0.08999999999999994
The Sims 2: Ikea Home Stuff,0.08999999999999998
AKB1/149: Love Election,0.08999999999999994
Pilot ni Narou! 2,0.08999999999999998
Gradius III and IV,0.09
Ken to Mahou to Gakuen Mono. Final: Shinnyusei wa Ohimesama,0.08999999999999994
Sherlock Holmes: Crimes & Punishments,0.1
Incredible Crisis,0.09
Midway Arcade Treasures 3,0.09
SingStar Apres-Ski Party 2,0.09
Samurai Shodown III,0.08999999999999998
The King of Fighters EX2: Howling Blood,0.09000000000000002
Cabela's North American Adventures,0.09
Akiba's Trip Plus,0.08999999999999994
Famicom Mini: SD Gundam World Gachapon Senshi - Scramble Wars,0.09
Little League World Series Baseball: Double Play,0.08999999999999997
Kobitodzukan: Kobito no Fushigi - Jikken Set,0.08999999999999994
Bakugan: Rise of the Resistance,0.15
Ice Age 2: The Meltdown,0.09
Famicom Mini: Star Soldier,0.1
Sentimental Graffiti 2,0.08999999999999998
Shonen Jump's One Piece: Pirates Carnival,0.09000000000000002
The Bachelor: The Videogame,0.08999999999999997
Goblin Commander: Unleash the Horde,0.09
Doraemon: Nobita and the Island of Miracles,0.08999999999999994
Gekijouban Madoka Magicka: The Battle Pentagram,0.08999999999999994
Sentimental Graffiti: First Window,0.08999999999999998
Cartoon Network Collection: Game Boy Advance Video Volume 2,0.09000000000000002
Knights Contract,0.09
Tempest 3X,0.09
Hidden Invasion,0.09
A-Train,0.05
Get Fit with Mel B,0.54
Disney's Meet the Robinsons,0.08999999999999997
Superman: Shadow of Apokolips,0.09000000000000002
Pony Friends 2,0.1
Armored Core 3 Portable,0.08999999999999994
PAC-MAN and the Ghostly Adventures,0.09
Bleach: Erabareshi Tamashii,0.08999999999999994
Sengoku Musou 3: Moushouden,0.08999999999999994
Witches & Vampires: The Secrets of Ashburry,0.15
Batman: Dark Tomorrow,0.09000000000000002
Pac-Man and the Ghostly Adventures 2,0.1
Crush,0.09
Discovery Kids: Spider Quest,0.08999999999999997
Yuu Yuu Hakusho: Makyo Toitsusen,0.10000000000000002
The First Templar,0.09
Rock Revolution,0.1
Ogre Battle Series: Tactics Ogre,0.09
Ultimate Card Games DS,0.09
Jillian Michaels Fitness Ultimatum 2010,0.08999999999999997
Battlestar Galactica,0.08999999999999998
Fireblade,0.08999999999999998
Earth Defense Force 2017,0.11
Tomb Raider: Legend,0.08999999999999998
Boxing Fever,0.09000000000000002
RoadKill,0.10000000000000002
The $1 Pyramid,0.08999999999999997
Game of Thrones,0.1
From Russia With Love,0.08999999999999997
UEFA Euro 2016,0.06
7 Wonders of the Ancient World,0.08999999999999997
Gintama: Gin-San to Issho! Boku no Kabuki Machi Nikki,0.08999999999999994
Lost Dimension,0.09
Indycar Series 2005,0.08999999999999998
Resident Evil 6,0.11
Final Fantasy XI: Vana'diel Collection 2008,0.1
Assassin's Creed: Rogue,0.09
Taz Wanted,0.09000000000000002
Drama Queens,0.08999999999999997
Wordfish,0.08999999999999997
Tomb Raider: Underworld,0.08999999999999998
Penny Racers Party: Turbo-Q Speedway,0.1
Skydiving Extreme,0.09
Evil Dead: Regeneration,0.10000000000000002
Evolution Worlds,0.09000000000000002
Far Cry Vengeance,0.09
Petz Fantasy: Sunshine Magic,0.08999999999999997
Code Lyoko: Fall of X.A.N.A.,0.08999999999999997
Worms: A Space Oddity,0.08999999999999998
Motto! Stitch! DS Rhythm de Rakugaki Daisakusen,0.08999999999999994
Rapala Pro Bass Fishing 2010,0.09
Dungeon Travelers 2: The Royal Library & The Monster Seal,0.08999999999999994
MLB Front Office Manager,0.08999999999999997
Sub Rebellion,0.09
Horrid Henry's Horrid Adventure,0.09
X Rebirth,0.1
Striker 96,0.09
Pocket Dogs,0.09000000000000002
Tokimeki Memorial 4,0.08999999999999994
Bleach: Heat the Soul 4,0.08999999999999994
Song of the Deep,0.11
Dragon's Dogma Online,0.08999999999999994
Real Robots Final Attack,0.09
New International Track & Field,0.08999999999999997
World Series of Poker 2008: Battle for the Bracelets,0.06
P.N.03 - Product Number Three,0.09000000000000002
Boku no Natsuyasumi 3: Hokkoku Hen: Chiisana Boku no Dai Sougen​,0.08999999999999994
Ape Escape: Pumped & Primed,0.09
Super Monkey Ball Adventure,0.15
Monster Trucks DS,0.08999999999999997
FabStyle,0.08999999999999994
Outlaw Tennis,0.09
Medabots Dual: Kabuto / Kuwagata,0.08999999999999994
Happy Feet Two,0.09
Adventure Time: Explore the Dungeon Because I Don't Know!,0.08999999999999998
LEGO Soccer Mania,0.09000000000000002
Worms: Open Warfare,0.15
Resident Evil Zero,0.09
Gadget Racers,0.09
Phantasy Star Online Episode III: C.A.R.D. Revolution,0.09000000000000002
Assassin's Creed The Ezio Collection,0.08999999999999998
ZhuZhu Babies,0.06
Bleach: Heat the Soul 7,0.08999999999999994
Nanashi no Game,0.08999999999999994
Diego's Build & Rescue,0.09000000000000001
Auto Destruct,0.09
Ultimate Ghosts 'n Goblins,0.09
Samurai Warriors 2,0.08999999999999998
TrackMania DS,0.09
Dangerous Ji-San to 1000-nin no Otomodachi Yokoshima,0.08999999999999994
GOTHA: Ismailia Seneki,0.08999999999999998
Ultimate Fighting Championship: Throwdown,0.09000000000000002
Major League Baseball 2K12,0.08999999999999997
Zoo Tycoon (2013),0.1
Silent Hunter III,0.08999999999999998
Alien Syndrome,0.08999999999999997
Deep Fear,0.08999999999999998
Skeleton Warriors,0.09
Ford vs. Chevy,0.10000000000000002
Endgame,0.09
The Dukes of Hazzard: Return of the General Lee,0.1
Criminal Girls: Invite Only,0.08999999999999994
Ultimate Duck Hunting,0.08999999999999997
Just Dance: Disney Party 2,0.1
Dreamer Series: Shop Owner,0.08999999999999997
Virus,0.08999999999999998
Jikkyou Powerful Pro Yakyuu Next,0.08999999999999994
The Sims 3: Barnacle Bay,0.08999999999999997
WWE Crush Hour,0.09000000000000002
Metal Gear Solid V: The Phantom Pain,0.11
Dragon Shadow Spell,0.08999999999999994
Dragon Slayer: The Legend of Heroes,0.10000000000000002
Sound Novel Tsukuru,0.15
The Idolm@ster,0.08999999999999994
Momotarou Dentetsu 11,0.09
NHL Hitz 20-03,0.09000000000000002
Adventure Time: Finn & Jake Investigations,0.08999999999999998
Guilty Gear XX Slash,0.08999999999999994
C.O.P.: The Recruit,0.15
Mission Runway,0.08999999999999998
Urban Reign,0.09
Super Robot Taisen Z Special Disc,0.08999999999999994
Slayers Royal 2,0.08999999999999998
Cate West: The Vanishing Files,0.08999999999999997
Soul Bubbles,0.15
Resident Evil 3: Nemesis,0.09000000000000002
All-Star Baseball 2004,0.09000000000000002
Bangai-O Spirits,0.09
Valentino Rossi: The Game,0.049999999999999996
Ultimate Party Challenge,0.08999999999999997
Team Elimination Games,0.08999999999999997
Whac-A-Mole,0.08999999999999997
Samurai Warriors Chronicles 3,0.08999999999999994
Winter Stars,0.06
Dawn of Heroes,0.09000000000000001
Lost in Blue: Shipwrecked,0.08999999999999997
Salon Superstar,0.08999999999999997
Scooby-Doo! Who's Watching Who?,0.09
Madden NFL 08,0.08999999999999998
Aliens in the Attic,0.1
Ro-Kyu-Bu!,0.08999999999999994
Frogger Beyond,0.09
Katekyoo Hitman Reborn! DS: Flame Rumble Kaien Ring Soudatsuen!,0.08999999999999994
World Championship Poker: Deluxe Series,0.08999999999999997
Stuart Little 3: Big Photo Adventure,0.09
"Ni Hao, Kai-lan: Super Game Day",0.09
Serious Sam 3: BFE,0.06
Ultimate Shooting Collection,0.1
Pro Yakyuu Famista DS 2010,0.08999999999999994
Katekyoo Hitman Reborn! DS: Flame Rumble Hyper - Moeyo Mirai,0.08999999999999994
Captain Tsubasa,0.08999999999999994
Infernal: Hell's Vengeance,0.09
Pitfall: The Lost Expedition,0.09000000000000002
No One Can Stop Mr. Domino!,0.09
Man vs. Wild,0.09000000000000001
GT Advance 3: Pro Concept Racing,0.15
Duke Nukem: Land of the Babes,0.09
Majin Tensei,0.09
Yoru no Nai Kuni,0.08999999999999994
Dragon Force II: Kamisarishi Daichi ni,0.08999999999999998
Monkey Hero,0.09
Sumikko Gurashi: Mura o Tsukurundesu,0.08999999999999994
Puchi Puchi Virus,0.1
Krazy Ivan,0.09
Need For Speed: Undercover,0.54
Quo Vadis,0.08999999999999998
Need for Speed: Most Wanted,0.11
PQ: Practical Intelligence Quotient,0.08999999999999997
The Wolf Among Us,0.09
Fate/Tiger Colosseum,0.08999999999999994
SCORE International Baja 1000: The Official Game,0.1
10 Minute Solution,0.09
Dragon Ball Z: The Legacy of Goku I & II,0.15
Family Game Night 4: The Game Show,0.08999999999999997
R: Racing Evolution,0.09000000000000002
Romance of the Three Kingdoms 13,0.06
Zero Escape: Zero Time Dilemma,0.1
Stella Deus: The Gate of Eternity,0.09
Vietcong: Purple Haze,0.08999999999999998
Conflict: Desert Storm,0.09000000000000002
One Piece: Gear Spirit,0.08999999999999994
Tales of Fandom Vol.2,0.08999999999999994
Genkai Totsuki Moero Chronicle,0.08999999999999994
Minna no Joushiki Ryoku TV,0.08999999999999994
P.T.O. IV: Pacific Theater of Operations,0.09
Bella Sara,0.09
Tears to Tiara: Garland of the Earth,0.08999999999999994
The Penguins of Madagascar: Dr. Blowhole Returns - Again!,0.09
Backyard NBA Basketball,0.08999999999999997
Mind Quiz: Your Brain Coach,0.08999999999999994
Elebits: The Adventures of Kai and Zero,0.09
Aikatsu! My No.1 Stage!,0.08999999999999994
Codename: Kids Next Door: Operation S.O.D.A.,0.15
Far Cry Instincts Evolution,0.08999999999999998
Pinball Hall of Fame: The Gottlieb Collection,0.10000000000000002
Conception: Please Give Birth to My Child!,0.08999999999999994
Rayman Origins,0.11
Medal of Honor: Underground,0.15
Super Football,0.06
The Idolmaster: Gravure For You! Vol. 3,0.08999999999999994
Cosmic Family,0.08999999999999997
Scooby-Doo! Unmasked,0.09
Yoru no Nai Kuni,0.08999999999999994
Driven,0.09000000000000002
Dynasty Warriors 3,0.09
Tennis no Oji-Sama Gyutto! DokiDoki Survival - Umi to Yama no Love Passion,0.08999999999999994
Nicola Kanshuu: Model Oshare * Audition Platina,0.08999999999999994
Jimmie Johnson's Anything With an Engine,0.08999999999999997
MTV Music Generator 3: This Is the Remix,0.1
Fairy Tail: Portable Guild 2,0.08999999999999994
Party Pigs: Farmyard Games,0.08999999999999997
Imagine: My Restaurant,0.1
Grand Ages: Medieval,0.09
Wizardry: Llylgamyn Saga,0.10000000000000002
Supremacy MMA,0.09000000000000001
Kinnikuman Muscle Grand Prix Max 2: Tokumori,0.08999999999999994
Gale Racer,0.08999999999999998
In The Groove,0.09
The Legend of Kage 2,0.08999999999999997
Myst,0.1
World Tour Soccer 06,0.1
Baroque,0.08999999999999997
Lost Dimension,0.06
Killer Instinct (2013),0.09
AKB1/149: Love Election,0.08999999999999994
Naruto Shippuden: Gekito Ninja Taisen! EX 3,0.08999999999999994
Boku no Natsuyasumi Portable 2: Nazo Nazo Shimai to Chinbotsusen no Himitsu,0.08999999999999994
Magic Pengel: The Quest for Color,0.09
Super Baseball,0.06
Kenka Banchou 6: Soul & Blood,0.08999999999999994
Jikkyou Powerful Pro Yakyuu 2011 Ketteiban,0.08999999999999994
Kung Fu Panda: Legendary Warriors,0.1
Formula One World Championship: Beyond the Limit,0.08999999999999998
Medabots 8,0.08999999999999994
Divinity: Original Sin,0.09
Little League World Series Baseball: Double Play,0.08999999999999997
Hakuouki DS,0.08999999999999994
Buster Bros. Collection,0.09
Agatha Christie: And Then There Were None,0.06
Sony Computer Science Kenkyuujo Mogi Kenichirou Hakase Kanshuu: Nou ni Kaikan Aha Taiken!,0.08999999999999994
Grease Dance,0.15
Mega Man Battle Network: Operation Shooting Star,0.08999999999999994
Futurama,0.09
Famicom Mini: Hikari Shinwa: Palutena no Kagami,0.1
The History Channel: Battle for the Pacific,0.08999999999999997
Animal Kingdom: Wildlife Expedition,0.1
Rayman 3: Hoodlum Havoc,0.08999999999999998
Momotarou Dentetsu Tag Match: Yuujou - Doryoku - Shouri no Maki!,0.08999999999999994
Superman Returns,0.08999999999999997
My First Songs,0.09
Super Ghouls 'n Ghosts,0.15
Boxing,0.09
NHL Open Ice,0.09
Legend of the Guardians: The Owls of Ga'Hoole,0.09
Gundam Battle Tactics,0.08999999999999994
Touch Detective: Nameko Shigeru,0.08999999999999994
Need for Speed Underground 2,0.11
Sky Gunner,0.09
And1 Streetball,0.08999999999999998
Gladius,0.06
The Hustle: Detroit Streets,0.08999999999999997
PhotoKano,0.08999999999999994
Warriors Orochi 3,0.08999999999999994
Real Sound: Kaze no Riguretto,0.08999999999999998
Blood Drive,0.08999999999999997
Again,0.1
Soccer Tsuku: Pro Soccer Club o Tsukurou!,0.08999999999999994
Summon Night 4,0.08999999999999994
Escape Dead Island,0.1
Torchlight,0.11
Pac-Man World 3,0.08999999999999997
Rogue Trooper: Quartz Zone Massacre,0.09
Hero Bank,0.08999999999999994
Disney's Planes,0.09
Winx Club,0.15
World Party Games,0.08999999999999997
Classic Road,0.09
Cartoon Network: Punch Time Explosion XL,0.08999999999999997
Utawarerumono: Itsuwari no Kamen,0.08999999999999994
Damage Inc.: Pacific Squadron WWII,0.08999999999999997
My Fun Facts Coach,0.08999999999999997
The Idolm@ster: Live for You!,0.08999999999999994
Tokimeki Memorial Girl's Side Premium: 3rd Story,0.08999999999999994
Smashing Drive,0.09
Open Season,0.08999999999999997
Mega Man Xtreme,0.15
America's Next Top Model,0.09000000000000001
Bomberman Max 2: Red Advance,0.15
F.E.A.R. 2: Project Origin,0.09000000000000001
Margot's Word Brain,0.08999999999999997
Toy Soldiers: War Chest,0.11
Godai: Elemental Force,0.1
Chronicles of Mystery: The Secret Tree of Life,0.1
Still Life,0.15
Big Mutha Truckers 2,0.15
Hang On GP,0.08999999999999998
Uprising X,0.09
SpongeBob's Truth or Square,0.09
Mega Man Xtreme 2,0.1
"Sesame Street: Ready, Set, Grover!",0.08999999999999997
I-Ninja,0.15
Sigma Harmonics,0.08999999999999994
Gunblade NY & L.A. Machineguns Arcade Hits Pack,0.09
The Lord of the Rings: The Battle for Middle-Earth,0.11
Kessen III,0.09
Learn Geography,0.08999999999999997
Harlem Globetrotters: World Tour,0.08999999999999997
The King of Fighters Collection: The Orochi Saga,0.08999999999999997
Summon Night,0.08999999999999994
Aero Elite: Combat Academy,0.09
"3 in 1: Solitaire, Mahjong & Tangram",0.09
Wrath Unleashed,0.09
Beyond Good & Evil,0.06
Divinity II: Ego Draconis,0.06
Pong / Asteroids / Yars' Revenge,0.15
Commandos 2: Men of Courage,0.15
Emergency 2012,0.09000000000000001
Winter Sports 2: The Next Challenge,0.09
NOëL: La Neige,0.1
Busou Shinki: Battle Masters,0.08999999999999994
Overlord: Minions,0.08999999999999997
Roll Away,0.09
Derby Jockey: Kishou e no Michi,0.09
Fairy Fencer F: Advent Dark Force,0.06
Harukanaru Toki no Naka de 4,0.08999999999999994
Roogoo Attack!,0.08999999999999997
Maximum Chase,0.15
Prey the Stars,0.08999999999999997
Winning Post 7 2012,0.08999999999999994
Spot Goes to Hollywood,0.09
G Darius,0.09
Mucha Lucha! Mascaritas of the Lost Code,0.15
SD Gundam: Gashapon Wars,0.08999999999999994
Alvin and the Chipmunks,0.09
Hearts of Iron III,0.09000000000000001
Picture Perfect Hair Salon,0.08999999999999997
River King: Mystic Valley (US sales),0.08999999999999997
Kengo: Legend of The 9,0.09
Romance of the Three Kingdoms XI,0.1
Hammerin' Hero,0.09
Model * Oshare Audition: Dream Girl,0.08999999999999994
Lupin Sansei: Shijou Saidai no Zunousen,0.08999999999999994
Dark Souls III,0.1
Petz Fantasy 3D,0.08999999999999997
WRC 2: FIA World Rally Championship,0.09
Archer Maclean's 3D Pool,0.15
Tak: The Great Juju Challenge,0.15
TMNT: Mutant Melee,0.09
Combat: Task Force 121,0.15
Winning Eleven Playmaker 2010: Aoki Samurai no Chousen,0.08999999999999994
Goosebumps HorrorLand,0.09
Exhibition Volume 4,0.15
Viewpoint,0.09
Code Geass: Hangyaku no Lelouch - Lost Colors,0.08999999999999994
Disney's Donald Duck Advance,0.15
Stacked with Daniel Negreanu,0.09
Hakuouki: Yuugi Roku,0.08999999999999994
The Rub Rabbits!,0.09000000000000001
Rapala Pro Bass Fishing 2010,0.09
Let's Ride! Friends Forever,0.1
Circus Maximus: Chariot Wars,0.15
Squishy Tank,0.08999999999999997
Dungeon Maker II: The Hidden War,0.09
Discovery Kids: Parrot Pals,0.08999999999999997
Kenyuu Densetsu Yaiba,0.15
Kidou Senshi Gundam: Giren no Yabou - Axis no Kyoui V,0.08999999999999994
Kidou Senshi Gundam: Giren no Yabou - Axis no Kyoui V,0.08999999999999994
Elements of Destruction,0.09
Serious Sam: Next Encounter,0.09
Eiken DS,0.08999999999999994
Game Center CX: Arino no Chousenjou 2,0.08999999999999994
Tom Clancy's Ghost Recon 2,0.09
E.X. Troopers,0.08999999999999994
The Croods: Prehistoric Party!,0.049999999999999996
J Legend Retsuden,0.08999999999999994
SpongeBob's Truth or Square,0.09000000000000001
Port Royale 3,0.06
Monster Racers,0.1
The King of Fighters: Evolution,0.08999999999999998
DS Uranai Seikatsu,0.08999999999999994
Hyperdimension Neptunia Re;Birth 3,0.06
Pro Farm 1,0.08999999999999998
Pitfall: The Lost Expedition,0.15
Rock Band Country Track Pack 2,0.08999999999999997
Speed Zone,0.06
All-Star Baseball 2004,0.15
Cho~ricchi! Tamagotchi no Puchi Puchi Omisecchi,0.08999999999999994
Jewel Time Deluxe,0.09
James Cameron's Dark Angel,0.15
The Legend of Heroes: Trails in the Sky Third Chapter,0.08999999999999994
Aqua Teen Hunger Force: Zombie Ninja Pro-Am,0.09
Hannspree Ten Kate Honda: SBK Superbike World Championship,0.09
Generator Rex: Agent of Providence,0.06
Alexi Lalas International Soccer,0.09
Dream Trigger 3D,0.06
Monster Rancher Battle Card: Episode II,0.09
NCAA College Football 2K3,0.06
Karaoke Revolution Party,0.06
Crayola: Colorful Journey,0.08999999999999997
Itoi Shigesato no Bass Tsuri No. 1 Ketteihan!,0.09
Jumper: Griffin's Story,0.09
Operation Darkness,0.08999999999999997
Emily the Strange: Strangerous,0.06
Famicom Mini: Nazo no Murasame-Jou,0.1
Galerians: Ash,0.09
Dead Island: Riptide,0.445
Jimmie Johnson's Anything With an Engine,0.09000000000000001
R-Type Command,0.06
Yoostar on MTV,0.1
Just Dance: Disney Party 2,0.06
Kane & Lynch 2: Dog Days,0.08999999999999998
Haunting Ground,0.09
Mahjong Fight Club DS: Wi-Fi Taiou,0.08999999999999994
"Hi! Hamtaro - Little Hamsters,big Adventures: Ham-Ham Challenge",0.08999999999999997
Grand Kingdom,0.09
Robocalypse,0.09
Vampire Knight DS,0.08999999999999994
Disney Sports Skateboarding,0.15
Homie Rollerz,0.08999999999999997
Let's Paint,0.08999999999999997
Rugby League 3,0.09
Magi: The Labyrinth of Beginning,0.08999999999999994
Escape Dead Island,0.09
Tom Clancy's Splinter Cell: Chaos Theory,0.09
The Croods: Prehistoric Party!,0.1
I Don't Have Many Friends Portable,0.08999999999999994
SimCity 4: Deluxe Edition,0.11
Jewel Link Chronicles: Legend of Athena,0.09
CSI: Dark Motives,0.06
Burnout Paradise: The Ultimate Box,0.06
Loons: The Fight For Fame,0.15
Romance of the Three Kingdoms IX,0.09
Second Sight,0.15
Metal Gear Solid,0.15
The Legend of Heroes: Trails in the Sky First Chapter,0.08999999999999994
Totaled!,0.15
Bleach: Heat the Soul 3,0.08999999999999994
Ecco: The Tides of Time,0.1
Make 10: A Journey of Numbers,0.08999999999999994
Fantasy Aquarium by DS,0.08999999999999997
Rock Band Track Pack: Classic Rock,0.08999999999999997
Operation Flashpoint: Red River,0.049999999999999996
Machine Head,0.09
Vanguard Bandits,0.09
MLB Front Office Manager,0.09
Lost Heroes,0.08999999999999994
Vampire Legends: Power of Three,0.09000000000000001
Child of Light,0.06
The Legend of Heroes VII: The Trail of Zero,0.08999999999999994
Shin Chan Contra ¡Los Plastas!,0.08999999999999994
Haikyuu!! Tsunage! Itadaki no Keshiki!!,0.08999999999999994
Silent Hill: Origins,0.09
Blast Radius,0.09
ESPN National Hockey Night,0.09
Tornado,0.08999999999999997
Cut the Rope,0.1
Resident Evil: Revelations 2,0.06
Pro Yaky? Spirits 2011,0.08999999999999994
Taz Wanted,0.15
Disaster: Day of Crisis,0.09000000000000001
Shounen Sunday x Shounen Magazine: Nettou! Dream Nine,0.08999999999999994
Harry Potter and the Sorcerer's Stone,0.15
McFarlane's Evil Prophecy,0.1
IA/VT Colorful,0.08999999999999994
We Sing Rock!,0.09
Wallace & Gromit in Project Zoo,0.06
Shadowgate 64: Trials of the Four Towers,0.06
Super Robot Spirits,0.03999999999999993
Mia Hamm Soccer 64,0.09
John Madden Football,0.09
Caesars Palace Advance: Millennium Gold Edition,0.15
Aero Gauge,0.09
Battlezone: Rise of the Black Dogs,0.06
Teenage Mutant Ninja Turtles: Tournament Fighters,0.1
Moxie Girlz,0.08999999999999997
Damnation,0.09
Samurai Warriors,0.15
GunParade Orchestra: Shiro no Shou,0.08999999999999994
Rec Room Games,0.08999999999999997
Zettai Zetsumei Toshi 3: Kowareyuku Machi to Kanojyo no Uta,0.08999999999999994
FIFA Soccer 2004,0.06
Super Robot Taisen OG Saga: Masou Kishin III - Pride of Justice,0.08999999999999994
Record of Agarest War,0.05
SNK Arcade Classics Vol. 1,0.06
Dave Mirra BMX Challenge,0.09
Rayman 3: Hoodlum Havoc,0.06
Tony Hawk's Pro Skater 5,0.09
Tales of Rebirth,0.08999999999999994
The Guy Game,0.15
Let's Ride! Dreamer,0.15
Fantasia: Music Evolved,0.1
Tecmo's Deception,0.09
Point Blank DS (JP sales),0.08999999999999994
Ghost in the Shell: Stand Alone Complex,0.06
G-Saviour,0.09
Open Season,0.09
Gintama DS: Yorozuya Daisoudou,0.08999999999999994
Drake of the 99 Dragons,0.06
Dave Mirra BMX Challenge,0.09
BlazBlue: Chrono Phantasma,0.11
Crayon Shin-Chan: Obaka Daininden - Susume! Kasukabe Ninja Tai!,0.08999999999999994
Crimson Sea 2,0.09
Tokyo Twilight Ghost Hunters,0.11
Higurashi no Nakukoru ni Kizuna: Dai-Ichi-Kan - Tatari,0.08999999999999994
Doraemon: Nobita to Himitsu Dougu Hakubutsukan,0.08999999999999994
Ragnarok: Hikari to Yami no Koujo,0.06
Saint Seiya: Brave Soldiers,0.11
Earth Defense Force 2: Invaders from Planet Space,0.05
Digimon World Championship,0.08999999999999994
AMF Bowling Pinbusters!,0.09
RayStorm,0.09
Disney's Winnie the Pooh's Rumbly Tumbly Adventure,0.06
Dynasty Warriors 8: Empires,0.06
Trick DS-han: Kakushi Kami no Sumukan,0.08999999999999994
Circuit Breakers,0.09
Winter Sports 2011,0.09
futureU: The Prep Game for SAT,0.06
Catwoman,0.06
Colosseum: Road to Freedom,0.09
Tank! Tank! Tank!,0.09000000000000001
Football Manager 2010,0.11
Target: Terror,0.09
Mugen Souls Z,0.05
BeatMania,0.09
Sprint Cars: Road to Knoxville,0.09
Guilty Gear Xrd -Revelator-,0.06
Crayon Shin-Chan: Densetsu o Yobu Omake no To Shukkugaan!,0.08999999999999994
Shrek's Carnival Craze Party Games,0.09
Dream Dance & Cheer,0.06
Silpheed: The Lost Planet,0.09
Billy's Boot Camp: Wii de Enjoy Diet!,0.08999999999999994
Real Time Conflict: Shogun Empires,0.06
Spartan: Total Warrior,0.06
Pitfall: The Lost Expedition,0.06
Hoppechan: Minna de Odekake! Waku Waku Hoppe Land!!,0.08999999999999994
Fantastic Four,0.09
Yamaha Supercross,0.06
Petz: Hamsterz Bunch,0.06
Higurashi no Naku Koro ni Matsuri: Kakera Asobi,0.08999999999999994
River City Ransom EX,0.15
Bionicle Heroes,0.06
San Goku Shi Taisen Ten,0.08999999999999994
Ant Nation,0.06
Fable: The Lost Chapters,0.06
Fairy Tail: Zelef Kakusei,0.08999999999999994
Strike Point,0.09
Crazy Taxi 2,0.1
The Sims 2: Seasons,0.05
Dragon Slayer: The Legend of Heroes,0.09
Street Fighter II': Special Champion Edition (JP weekly sales),0.1
Pizza Delivery Boy,0.06
Tom and Jerry in War of the Whiskers,0.06
Keroro RPG: Kishi to Musha to Densetsu no Kaizoku,0.08999999999999994
Famicom Mini: Wrecking Crew,0.09
Suzumiya Haruhi no Gekidou,0.08999999999999994
Lost Heroes 2,0.08999999999999994
Heavenly Guardian,0.09
Dynasty Warriors DS: Fighter's Battle,0.1
The Testament of Sherlock Holmes,0.08999999999999998
Space Hulk: Vengeance of the Blood Angels,0.09
Robot Alchemic Drive,0.09
Alpha and Omega,0.09
Motor Toon Grand Prix (Japan),0.060000000000000005
Dino Master: Dig Discover Duel,0.06
Ken to Mahou to Gakuen Mono. 3,0.08999999999999994
Tomb Raider: Legend,0.06
Warhammer: Battle For Atluma,0.09
Hikaru no Go: Heian Gensou Ibunroku,0.060000000000000046
Eagle Flight,0.049999999999999996
Operation: Vietnam,0.09
Samurai Shodown,0.08999999999999998
OverBlood 2,0.060000000000000046
Fighter Maker 2,0.09
Lifeline,0.09
Judie no Atelier: Guramnat no Renkinjutsushi,0.08999999999999998
Dragon Valor,0.09
Tokyo Beat Down,0.09
NHL 2005,0.06
Midway Arcade Treasures 3,0.06
Microsoft Flight Simulator 2004: A Century of Flight,0.08999999999999998
"Horrid Henry: The Good, The Bad and The Bugly",0.09
Firefighter F.D.18,0.09
Anubis II,0.09
Goodbye Deponia,0.08999999999999998
Pro Yaky? Spirits 2014,0.08999999999999994
Legend of Kay,0.05
Cartoon Network: Punch Time Explosion XL,0.09
DS Nishimura Kyotaro Suspense 2 Shin Tantei Series: Kanazawa Hakodate - Gokkan no Kyoukoku - Fukushuu no Kage,0.08999999999999994
The Book of Unwritten Tales 2,0.14
Ultimate Board Game Collection,0.06
Mega Man X4,0.08999999999999998
Jackass the Game DS,0.09
Jake Power: Handyman,0.06
My Dress-Up,0.06
Power Pro GB,0.09
Beat City,0.06
Sudoku Fever,0.15
Inversion,0.09
The Putter Golf,0.09
Ultimate Marvel vs. Capcom 3,0.09000000000000001
The Powerpuff Girls: Relish Rampage,0.05000000000000001
Super Real Mahjong Graffiti,0.08999999999999998
Future Card Buddy Fight: Yuujou no Bakunetsu Fight,0.08999999999999994
Ninja Warriors,0.15
Army Men: RTS,0.06
Classic Action: Devilish,0.06
Zettai Onkan Otoda Master,0.08999999999999994
Assassin's Creed Chronicles,0.06
Dragoneer's Aria,0.06
Xbox Live Arcade Unplugged Volume 1,0.06
TigerShark,0.09
Major League Baseball 2K10,0.09
Norse by Norsewest: The Return of the Lost Vikings,0.09
N+,0.09
Titanic Mystery,0.06
Backyard NFL Football '09,0.09
Obscure,0.09
Sega Soccer Slam,0.06
Katekyoo Hitman Reborn! DS: Fate of Heat - Hono no Unmei,0.08999999999999994
Shin Lucky * Star: Moe Drill ~Tabidachi~,0.08999999999999994
DefCon 5,0.09
Secret Service: Ultimate Sacrifice,0.09
Transformer: Rise of the Dark Spark (3DS),0.05
Deep Labyrinth,0.09
Nichibeikan Pro Yakyuu: Final League,0.08999999999999998
Spawn: Armageddon,0.06
God Hand,0.11
Shin Chan: Las Nuevas Aventuras Para Wii!,0.08999999999999994
Junior Classic Books & Fairytales,0.06
Legends of Wrestling II,0.15
Fatal Fury: Battle Archives Volume 2,0.1
Mario Tennis,0.09
Jurassic Park: Operation Genesis,0.06
FIFA Soccer 06,0.15
Freddi Fish: Kelp Seed Mystery,0.06
RedCard 20-03,0.09
Brothers in Arms: Furious 4,0.055
Future Tactics: The Uprising,0.09
Kanji Sonomama DS Rakubiki Jiten,0.08999999999999994
Driver: Parallel Lines,0.06
Hyperdimension Neptunia Victory,0.08999999999999994
everGirl,0.15
Heroes Phantasia,0.08999999999999994
Top Gun,0.06
Batman: Rise of Sin Tzu,0.15
Chuugaku Eitango Target 1800 DS,0.08999999999999994
Sherlock Holmes: Crimes & Punishments,0.09
Basketball Hall of Fame Ultimate Hoops Challenge,0.09
Dragon Ball Z: Battle of Z,0.049999999999999996
World Racing,0.06
Resident Evil 5,0.06
X-Men: The Official Game,0.15
Disney's Party,0.15
Generator Rex: Agent of Providence,0.05000000000000001
Storybook Workshop,0.06
Command & Conquer 3: Tiberium Wars,0.08999999999999998
Card Games,0.09
Tropix,0.06
Mega Man: Battle & Chase,0.060000000000000046
Winning Post 7 2010,0.08999999999999994
Build-A-Bear Workshop: Friendship Valley,0.06
Pipe Mania,0.06
Daniel X: The Ultimate Power,0.09
Destrega,0.09
Fantasy Aquarium World,0.06
Nobunaga no Yabou: Tendou with Power-Up Kit,0.08999999999999994
The Final Round,0.09
MAPLUS: Portable Navi,0.08999999999999994
Rayman Arena,0.06
Order Up!!,0.06
Reader Rabbit 1st Grade,0.06
The King of Fighters 02/03,0.09
Port Royale 3,0.06
Army Men: Green Rogue,0.06
Centipede / Breakout / Warlords,0.15
Lucian Bee's: Justice Yellow / Evil Violet,0.08999999999999994
Sly 2: Band of Thieves,0.06
Armored Core: Nine Breaker,0.09
Doraemon: Nobita no Shin Makai Daibouken DS,0.08999999999999994
Terraria,0.049999999999999996
Cabela's Big Game Hunter 2005 Adventures,0.06
Worms 3D,0.06
BlazBlue: Chrono Phantasma Extend,0.06
TRON: Evolution,0.09
Pac-Man and the Ghostly Adventures 2,0.06
Dark Souls,0.08999999999999998
National Geographic Challenge!,0.06
Gambler Densetsu Tetsuya,0.08999999999999998
The Guided Fate Paradox,0.060000000000000046
Mayhem 3D,0.09
Bleach: Hanatareshi Yabou,0.08999999999999994
Karaoke Revolution Party,0.06
Alex Rider: Stormbreaker,0.09
Yoake Yori Ruriiro na: Brighter than Dawning Blue,0.08999999999999994
Carol Vorderman's Sudoku,0.05
Pandemonium 2,0.06
Gundam Try Age SP,0.08999999999999994
WipEout HD Fury,0.05
Fallout: Brotherhood of Steel,0.09
Dreamer Series: Pop Star,0.06
Penguins of Madagascar,0.1
12-Sai. Honto no Kimochi,0.08999999999999994
Parlor! Mini 2,0.15
"Flower, Sun, and Rain",0.06
Gunstar Super Heroes,0.15
C: The Contra Adventure,0.06
Interactive Storybook DS Series 1,0.06
Frogger Advance: The Great Quest,0.15
Cities XL 2012,0.06
Worms Forts: Under Siege,0.06
Dream C Club,0.08999999999999994
Pocky & Rocky with Becky,0.15
The Tale of Despereaux,0.09
Jam Sessions 2,0.06
Full Spectrum Warrior: Ten Hammers,0.06
Streets of Rage 3,0.1
Just Dance: Disney Party 2,0.06
Natural Doctrine,0.05
Hasbro Family Game Night Fun Pack,0.06
Pro Yaky? Spirits 4,0.08999999999999994
Prince of Persia: The Fallen King,0.09
My Horse & Me: Riding for Gold,0.06
Speed Racer,0.06
NHL Hitz Pro,0.06
Cardfight!! Vanguard: Lock On Victory!!,0.08999999999999994
Broken Sword 5: The Serpent's Curse,0.10000000000000002
Alan Wake,0.11
Atelier Meruru: Alchemist of Arland 3,0.060000000000000046
Hot Wheels: Burnin' Rubber,0.15
Lost in Blue 2,0.1
Ojyousama Express,0.060000000000000046
Risen 3: Titan Lords,0.09000000000000001
Steambot Chronicles: Battle Tournament,0.05
Wings of War,0.06
187: Ride or Die,0.06
RPG Maker 3,0.06
Zatch Bell! Mamodo Battles,0.06
Genkai Tokki Monster Monpiece,0.060000000000000046
Desert Strike Advance,0.15
Kabuki Warriors,0.06
Discworld,0.06
Motion Explosion!,0.06
World Poker Tour,0.06
Age of Empires III: The Asian Dynasties,0.04
Elite Forces: Unit 77,0.06
IL-2 Sturmovik: Birds of Prey,0.06
Moshi Monsters: Katsuma Unleashed,0.1
Pirates: The Legend of Black Kat,0.06
July,0.060000000000000046
Crime Lab: Body of Evidence,0.06
Disney's Chicken Little: Ace In Action,0.09
ESPN Winter X-Games: Snowboarding 2002,0.15
Bleach: Versus Crusade,0.060000000000000046
Kanon,0.060000000000000046
NanoBreaker,0.05
You Don't Know Jack,0.06
Bionicle,0.06
GRID 2,0.1
Cabela's Trophy Bucks,0.09
Cosmos Chaos!,0.06
Guitar Freaks 3rdMIX & DrumMania 2ndMIX,0.060000000000000046
Taiko no Tatsujin: Atsumete Tomodachi Daisakusen!,0.060000000000000046
Criminal Girls: Invite Only,0.05
Miami Vice: The Game,0.09
Samurai Warriors Chronicles 3,0.060000000000000046
BMX XXX,0.06
Disney's Magical Quest 2 Starring Mickey and Minnie,0.15
Bullet Girls,0.060000000000000046
One Piece: Unlimited World Red,0.06
Aggressive Inline,0.06
Ikki Tousen: Xross Impact,0.060000000000000046
Smart Boy's Toys Club,0.06
Insecticide,0.09
Super Mahjong 2: Honkaku 4Jin Uchi,0.09
XGRA: Extreme G Racing Association,0.06
Mitsukete! Keroro Gunsou: Machigai Sagashi Daisakusen de Arimasu!,0.060000000000000046
Family Trainer: Treasure Adventure,0.05
Pop'n Music Portable 2,0.060000000000000046
Kamen Rider: Dragon Knight,0.09
Darksiders II,0.06
Ys vs. Sora no Kiseki: Alternative Saga,0.060000000000000046
Naruto: Ultimate Ninja Heroes (JP sales),0.060000000000000046
Akagawa Jirou Mystery: Yasoukyoku - Hon ni Manekareta Satsujin,0.060000000000000046
Ray Tracers,0.06
Mario vs. Donkey Kong: Tipping Stars,0.060000000000000046
Tournament of Legends,0.06
Frogger: Helmet Chaos,0.09
Escape from Bug Island,0.05000000000000001
Nicola Kanshuu: Model * Oshare Audition,0.060000000000000046
Hisshou Pachinko*Pachi-Slot Kouryaku Series Vol. 14: CR Shinseiki Evangelion: Saigo no Mono,0.060000000000000046
Cold Stone Creamery: Scoop It Up,0.06
My Pet Shop,0.06
James Bond 007: Blood Stone,0.06
Kururin Paradise,0.060000000000000046
Gradius Collection,0.09
Kiniro no Corda 2,0.060000000000000046
Dynasty Warriors Vs,0.060000000000000046
Fist of the North Star: Ken's Rage 2,0.11
Gallop Racer 2004,0.06
Sunrise Eiyuutan R,0.060000000000000046
Rayman: Hoodlum's Revenge,0.15
Mobile Suit Gundam Seed: Never Ending Tomorrow,0.06
F1 2001,0.06
Utawarerumono: Futari no Hakuoro,0.060000000000000046
Fishing Master (jp sales),0.060000000000000046
OK! Puzzle Stars,0.09
Zill O'll Infinite Plus,0.060000000000000046
Tonka Rescue Patrol,0.06
GunGriffon II,0.060000000000000046
Crimson Gem Saga,0.09
Monster Tale,0.09
Legend of the Dragon,0.09
Cel Damage,0.06
Backyard Hockey,0.09
Famicom Mini: Balloon Fight,0.060000000000000046
Steins;Gate: Senkei Kousoku no Phonogram,0.060000000000000046
Seaman 2: Peking Genjin Ikusei Kit,0.060000000000000046
Chou Gekijouban Keroro Gunsou 3: Tenkuu Daibouken de Arimasu!,0.060000000000000046
Sprung - A Game Where Everyone Scores,0.06
Mirror's Edge Catalyst,0.049999999999999996
The Pinball of the Dead,0.15
Growlanser IV: Over Reloaded,0.060000000000000046
Arc the Lad: End of Darkness,0.06
The King of Route 66,0.05
Tom Clancy's Splinter Cell: Pandora Tomorrow,0.15
Western Riding Academy,0.06
Bubble Bobble also featuring Rainbow Islands,0.06
Intellivision Lives!,0.06
Tokobot,0.09
Monster Madness: Grave Danger,0.049999999999999996
Panzer Tactics,0.06
Pro Yaky? Spirits 2013,0.060000000000000046
Robotica,0.060000000000000005
Super Robot Wars OG: The Moon Dwellers,0.060000000000000046
Deathrow: Underground Team Combat,0.06
The Amazing Spider-Man 2 (2014),0.09
Paws & Claws: Marine Rescue,0.06
Land of the Dead: Road to Fiddler's Green,0.06
Odin Sphere: Leifthrasir,0.05
R-Types,0.06
Star Fighter,0.06
Game Center CX: 3-Choume no Arino,0.060000000000000046
Assetto Corsa,0.049999999999999996
NHL 2K9,0.09
Kuukan * Zukei: Hirameki Training - KuuTore,0.060000000000000046
Osu! Tatakae! Ouendan,0.060000000000000046
Dissidia: Final Fantasy Universal Tuning,0.060000000000000046
Fast Food Panic,0.06
"Warhammer 40,000: Squad Command",0.06
Johnny Test,0.09
One Piece: Burning Blood,0.05
TrackMania Turbo,0.09000000000000001
Pro Evolution Soccer 2015,0.08999999999999998
Jewels of the Ages,0.05000000000000001
Meitantei Conan: Aoki Houseki no Rinbukyoku,0.060000000000000046
The Legend of Heroes: Trails in the Sky Second Chapter,0.060000000000000046
Zero Escape: Zero Time Dilemma,0.09
Bionicle Heroes,0.09
Mystic Heroes,0.05
Tron 2.0: Killer App,0.06
Jurassic Park III: Park Builder,0.06
Unchained Blades,0.060000000000000046
NHL Legacy,0.1
Rurouni Kenshin: Meiji Kenkaku Romantan Saisen,0.060000000000000046
Santa Claus Is Comin' to Town!,0.06
Disney Infinity 2.0: Marvel Super Heroes,0.049999999999999996
Octomania,0.06
Godzilla (2014),0.060000000000000046
Code Geass: Hangyaku no Lelouch - Lost Colors,0.060000000000000046
Showtime Championship Boxing,0.09
LEGO Bionicle,0.06
Ansatsu Kyoushitsu: Assassin Ikusei Keikaku!!,0.060000000000000046
Power Shovel,0.05333333333333334
Bomberman Land,0.06
A llI S.V.: A Ressha de Gyoukou 3 Super Version,0.060000000000000005
My Pet Chimp,0.06
Generator Rex: Agent of Providence,0.06
Chrysler Classic Racing,0.09
Spy Games: Elevator Mission,0.09
The Book of Unwritten Tales: The Critter Chronicles,0.06
Steins;Gate,0.04
Nights of Azure,0.05
Strike Force Bowling,0.05000000000000001
Age of Empires Online,0.06
Earth Defense Force 2017 Portable,0.060000000000000046
Atelier Iris 2: The Azoth Of Destiny,0.06
Spy Fox in Dry Cereal,0.06
There,0.06
Tokimeki no Houkago,0.060000000000000046
Championship Surfer,0.055
Zumba Fitness Core,0.09
Lego Batman 3: Beyond Gotham,0.08999999999999998
Di-Gata Defenders,0.09
Monster Garage,0.06
ZhuZhu Pets: Quest for Zhu,0.06
Akai Katana Shin,0.05
A-Train: City Simulator,0.060000000000000046
Tecmo Classic Arcade,0.06
2 Games in 1: Sonic Pinball Party & Columns Crown,0.06
Mad Maestro!,0.05000000000000001
Densha De Go! 3 Tsuukinhen,0.060000000000000046
Biker Mice From Mars,0.06
From The Abyss,0.09
Jewel Quest IV: Heritage,0.055
Daito Giken Koushiki Pachi-Slot Simulator: Ossu! Banchou Portable,0.060000000000000046
Sudoku Ball Detective,0.06
The LEGO Movie Videogame,0.09000000000000001
DuckTales: Remastered,0.09
Giants: Citizen Kabuto,0.049999999999999996
Steins;Gate,0.060000000000000046
Crayon Shin-chan: Arashi o Yobu Kasukabe Eiga Stars!,0.060000000000000046
Star Wars Knights of the Old Republic II: The Sith Lords,0.04
MX vs. ATV Supercross,0.05000000000000001
Grand Kingdom,0.05
Risen 3: Titan Lords,0.049999999999999996
Guilty Gear XX Accent Core Plus,0.06
LEGO Batman: The Videogame,0.04
Alone in the Dark,0.05000000000000001
Muppets Party Cruise,0.05
Higurashi Daybreak Portable,0.060000000000000046
Shonen Jump's One Piece: Grand Battle,0.06
Transformer: Rise of the Dark Spark,0.049999999999999996
Barbie Horse Adventures: Wild Horse Rescue,0.06
Blast Lacrosse,0.055
Kikou Heidan J-Phoenix,0.060000000000000046
Backyard NFL Football '10,0.05
DreamWorks Super Star Kartz,0.06
Earth Defense Force 4.1: The Shadow of New Despair,0.05
Legend of Kay,0.09
Shonen Jump's Shaman King: Legacy of the Spirits - Soaring Hawk/Sprinting Wolf,0.06
Bubble Bobble: Old & New,0.06
Speed,0.06
Naruto Shippuden: Gekito Ninja Taisen! Special,0.060000000000000046
Jissen Pachislot Secrets! Fist of the North Star F - Seikimatsu Kyuuseishu Densetsu,0.060000000000000046
Kekkon: Marriage,0.060000000000000005
KimiKiss,0.060000000000000046
Nicola Kanshuu: Model * Oshare Audition 2,0.060000000000000046
Cold Fear,0.06
Imagine: Gymnast,0.06
Hisshou Pachinko*Pachi-Slot Kouryaku Series Portable Vol. 1: Shinseiki Evangelion - Tamashii no Kiseki,0.060000000000000046
Challenge Me: Brain Puzzles,0.06
Shining Force Feather,0.060000000000000046
The Technomancer,0.09000000000000001
Kurupoto Cool Cool Stars,0.09
Attack on Titan (KOEI),0.060000000000000046
Cocoto Kart Racer,0.09
Mobile Suit Gundam 00: Gundam Meisters,0.060000000000000046
Imagine: Cheerleader,0.06
Nazotoki Battle Tore! Densetsu no Makyuu o Fukkatsu Saseyo!,0.060000000000000046
Theme Park,0.04
Call of Cthulhu: Dark Corners of the Earth,0.06
The Great Escape,0.06
Blur,0.04
Super Robot Wars OG Saga Masou Kishin F: Coffin of the End,0.060000000000000046
The Next BIG Thing,0.06
Metal Gear Solid: Social Ops,0.05333333333333334
Minna no DS Seminar: Kanpeki Eitango Ryoku,0.060000000000000046
Kirarin * Revolution: Minna de Odorou Furi Furi Debut!,0.060000000000000046
PenPen TriIceLon,0.060000000000000046
Salt Lake 2002,0.06
SBK 2011: FIM Superbike World Championship,0.06
DropCast,0.06
Alien Syndrome,0.06
Vexx,0.06
Crazy Chicken Tales,0.09
Hagane no Renkinjutsushi - Fullmetal Alchemist: Yakusoku no Hi e,0.060000000000000046
Mega Man Battle Network 5: Double Team DS (US sales),0.09
Attack on Titan (KOEI),0.05
Batman: Rise of Sin Tzu,0.06
Secret Files: Tunguska,0.050000000000000024
EverQuest II: Destiny of Velious,0.09
Unreal Tournament III,0.049999999999999996
Disney Sports Skateboarding,0.06
Summon Night 6: Lost Borders,0.060000000000000046
Summon Night 2,0.060000000000000046
Chou Soujuu Mecha MG,0.060000000000000046
Pro Evolution Soccer 2012,0.060000000000000046
Grey's Anatomy: The Video Game,0.05000000000000001
Terminator 3: The Redemption,0.06
Arkanoid DS,0.06
Call of Duty 2,0.049999999999999996
Big Bang Mini,0.06
Rurouni Kenshin: Meiji Kenyaku Romantan - Kansen,0.060000000000000046
Chevrolet Camaro: Wild Ride,0.09
Genkai Tokki: Moero Crystal,0.060000000000000046
Project Setsuna,0.060000000000000046
Serious Sam II,0.06
Neon Genesis Evangelion,0.060000000000000046
Song of the Deep,0.05
JoJo's Bizarre Adventure: All Star Battle,0.09
Digimon All-Star Rumble,0.06
The Legend of Heroes VII: The Trail of Blue,0.060000000000000046
MotoGP 10/11,0.06
Cabela's Big Game Hunter (2008),0.09
Dead Rising 2: Off the Record,0.06
Flipnic: Ultimate Pinball,0.05
ICO,0.060000000000000046
Eigo de Tabisuru: Little Charo,0.060000000000000046
World Series of Poker 2008: Battle for the Bracelets,0.049999999999999996
NBA Hangtime,0.049999999999999996
Busy Scissors,0.06
Dreamer Series: Zoo Keeper,0.06
D.C. II P.S.: Da Capo II Plus Situation,0.060000000000000046
The Witcher,0.049999999999999996
Mike Piazza's Strike Zone,0.06
Bust-A-Move '99,0.06
Star Soldier: Vanishing Earth,0.06
Top Gear Hyper-Bike,0.06
Brunswick Circuit Pro Bowling,0.06
Olympic Hockey 98,0.06
CyberTiger,0.06
Polaris SnoCross,0.06
Penny Racers,0.06
S.C.A.R.S,0.06
Another Code R: A Journey into Lost Memories,0.05
Virtual Chess 64,0.06
Marvel Super Heroes,0.060000000000000046
Worms Blast,0.06
Atelier Sophie: The Alchemist of the Mysterious Book,0.060000000000000046
Prinny: Can I Really Be The Hero? (US sales),0.09
Coded Arms: Contagion,0.06
Foster's Home for Imaginary Friends: Imagination Invaders,0.06
Smile PreCure! Let's Go! Marchen World,0.060000000000000046
S.T.A.L.K.E.R.: Call of Pripyat,0.06
IHRA Professional Drag Racing 2005,0.06
Tokyo Xtreme Racer Advance,0.06
Doraemon: Nobita no Uchuu Eiyuuki,0.060000000000000046
Disney's Kim Possible: Global Gemini,0.06
Rock Blast,0.06
I Love Beauty: Hollywood Makeover,0.06
A New Beginning,0.06
World Cup of Pool,0.09
Santa Claus Is Comin' to Town!,0.06
Create,0.06
MLB Power Pros 2008,0.09
Combat Elite: WWII Paratroopers,0.05000000000000001
Power Pro Success Legends,0.060000000000000046
Killer Loop,0.05
Cabela's Dangerous Hunts: Ultimate Challenge,0.09
Little League World Series Baseball 2008,0.09
Worldwide Soccer,0.09
Toriko: Gourmet Battle!,0.060000000000000046
Tony Hawk's Pro Skater 5,0.049999999999999996
Showtime Championship Boxing,0.09
Commandos: Strike Force,0.06
Mobile Suit Gundam: Gundam vs. Zeta Gundam,0.06
Puzzler Collection,0.06
Rapala Pro Fishing,0.06
Guilty Gear X: Advance Edition,0.06
Fate/Tiger Colosseum Upper,0.060000000000000046
Zaidan Houjin Nippon Kanji Nouryoku Kentei Kyoukai Kounin: KanKen DS3 Deluxe,0.060000000000000046
Warriors of the Lost Empire,0.06
Pop Cutie! Street Fashion Simulation,0.06
Ford Racing 3,0.06
Culdcept Revolt,0.060000000000000046
Devil's Third,0.06
PachiPara 13: Super Umi no Pachi-Pro Fuuunroku,0.060000000000000046
World Soccer Winning Eleven 9 (US sales),0.05
Star Trek: Tactical Assault,0.06
Oddworld: Munch's Oddysee,0.06
Winning Post 4 Maximum,0.060000000000000046
Xiaolin Showdown,0.05
Exhibition Volume 5,0.055
Record of Lodoss War: Eiyuu Sensou,0.060000000000000005
Pro Yakyuu Netsu Star 2007,0.060000000000000046
Starry ? Sky: In Summer,0.060000000000000046
Klonoa Beach Volleyball,0.055
Melty Blood: Actress Again,0.060000000000000046
Mahouka Koukou no Rettousei: Out of Order,0.060000000000000046
3D Lemmings,0.05
Hi Hi Puffy AmiYumi: Kaznapped,0.06
Broken Sword: The Shadow of the Templars,0.06
Resident Evil - Code: Veronica X,0.06
Corpse Party: Back to School Edition,0.055
Tenchi Muyou! Ryoukouki Gokuraku,0.060000000000000005
Kelly Slater's Pro Surfer,0.06
I Am In The Movie,0.060000000000000046
Zoo Tycoon: Complete Collection,0.05
Trapt,0.06
Splat Renegade Paintball,0.050000000000000024
Lord of Magna: Maiden Heaven,0.060000000000000046
SpongeBob SquarePants: Plankton's Robotic Revenge,0.1
Metal Max 4: Gekkou no Diva,0.060000000000000046
Magi: Aratanaru Sekai,0.060000000000000046
Worms 3D,0.050000000000000024
Playmobil Knights,0.05
MXGP 2,0.05
PoPoLoCrois,0.06
Dragon Rage,0.05000000000000001
Theresia...,0.05000000000000001
Sacred 2: Fallen Angel,0.06
Dance Sensation!,0.06
Adventure Time: The Secret of the Nameless Kingdom,0.055
Teenage Mutant Ninja Turtles 3: Mutant Nightmare,0.05000000000000001
