Name,Global sales
Nicktoons: MLB,0.09
Shonen Jump's One Piece: Grand Battle,0.17
Learn Math,0.11
Nitrobike,0.08
Cruise Ship Vacation Games,0.15
Pro Yaky? Spirits 6,0.1
Paperboy / Rampage,0.06
Shiren the Wanderer 4 - God's Eye and the Demon's Navel,0.03
Vampire Moon: The Mystery of the Hidden Sun,0.01
Sentou Kokka Air Land Battle,0.11
Quick Yoga Training,0.06
Attack on Titan (KOEI),0.04
NTRA Breeders' Cup World Thoroughbred Championships,0.05
Hulk Hogan's Main Event,0.19
Tak 2: The Staff of Dreams,0.04
Destroy All Humans! Big Willy Unleashed,0.08
Retro Atari Classics,0.1
Imagine: Fashion Designer,0.16
Need for Speed Underground 2,0.03
My Spanish Coach,0.19
Ys: The Ark of Napishtim,0.04
Dragon Quest Heroes II: Twin Kings and the Prophecy's End,0.05
Dragon Age Origins: Awakening,0.2
Azure Dreams,0.17
Divinity II: The Dragon Knight Saga,0.03
SingStar Latino,0.16
Kung Fu Panda 2,0.18
NHL 2K8,0.04
Pro Baseball Spirits 2015,0.14
Haunted House,0.18
Top Spin 3,0.03
Syberia,0.11
Kurt Warner's Arena Football Unleashed,0.16
Puzzle Kingdoms,0.17
Hyperdimension Neptunia,0.02
Life is Strange,0.09
Suite PreCure: Melody Collection,0.08
NHL 2K9,0.2
Shin Megami Tensei: Devil Summoner 2 - Raidou Kuzunoha vs. King Abaddon,0.13
Rogue Ops,0.13
NBA Hoopz,0.13
Transworld Surf,0.11
History Civil War: Secret Missions,0.19
MLB 11: The Show,0.09
Castrol Honda Superbike Racing,0.14
X-Blades,0.18
Teenage Mutant Ninja Turtles: Danger of the Ooze,0.14
Army Men: Green Rogue,0.04
Chessmaster,0.09
Brain Assist,0.19
Freddi Fish: ABC under the sea,0.06
Adventures to Go!,0.13
Monster Rancher DS,0.15
Peter Jackson's King Kong: The Official Game of the Movie,0.03
Superman: The Man of Steel,0.04
Kororinpa: Marble Mania,0.12
Ken to Mahou to Gakuen Mono. 3,0.11
The Flintstones: Bedrock Bowling,0.11
NHL 2003,0.2
Chicken Run,0.2
Injustice: Gods Among Us,0.05
Fatal Inertia,0.05
Over the Hedge: Hammy Goes Nuts!,0.16
Phantom Brave: We Meet Again,0.05
NHL 2K9,0.17
Shining Force III,0.11
Jikkyou Powerful Pro Yakyuu 2011 Ketteiban,0.15
Tales of the Heroes: Twin Brave,0.09
WWE Survivor Series,0.19
Kouchuu Ouja Mushi King: Greatest Champion e no Michi DS 2,0.14
Kung-Fu: High Impact,0.05
Euro Truck Simulator 2,0.06
Bakugan: Battle Trainer,0.08
Super Robot Wars BX,0.11
Tomb Raider: Legend,0.16
Nagano Winter Olympics '98,0.1
I Spy: Universe,0.15
Ninjatown,0.06
Warcraft III: Reign of Chaos,0.17
Winning Post 5,0.19
Frogger Beyond,0.05
Lord of the Rings: Tactics,0.19
RPG Maker II,0.07
The Oregon Trail,0.04
Alone in the Dark: Inferno,0.12
TRON: Evolution,0.06
Gravity Rush Remastered,0.1
Destruction Derby Arenas,0.2
Dengeki Bunko Fighting Climax,0.19
MLB Power Pros 2008,0.2
Littlest Pet Shop: Spring,0.15
The Unholy War,0.19
Cabela's Dangerous Hunts 2009,0.11
Rumble Roses XX,0.13
Total War: WARHAMMER,0.2
Wantame Music Channel: Doko Demo Style,0.2
Disney's Winnie the Pooh's Rumbly Tumbly Adventure,0.01
Shaman King: Power of Spirit,0.01
Anno 1701: Dawn of Discovery,0.2
Soccer Tsuku DS: World Challenge 2010,0.01
The BIGS 2,0.16
LEGO Legends of Chima: Laval's Journey,0.14
DreamWorks Super Star Kartz,0.16
Contra III: The Alien Wars,0.06
The Amazing Race,0.04
Dead to Rights: Reckoning,0.17
Slime MoriMori Dragon Quest 3: Taikaizoku to Shippo Dan,0.14
NBA 08,0.12
Hasbro Family Fun Pack,0.16
Amagami,0.12
No Fear Downhill Mountain Biking,0.03
NCIS,0.16
The IdolM@ster: One for All,0.16
Fire ProWrestling,0.06
Eternal Poison (JP sales),0.13
Mission: Impossible - Operation Surma,0.1
Legendary,0.04
Chuck E. Cheese's Game Room,0.12
MX 2002 Featuring Ricky Carmichael,0.13
Romance of the Three Kingdoms IV: Wall of Fire,0.16
Illusion of Gaia,0.13
Batman: Arkham Knight,0.2
Disney's Kim Possible: Kimmunicator,0.18
Mega Man Anniversary Collection,0.16
Sally's Salon,0.16
Disruptor,0.07
Pro Evolution Soccer 2017,0.05
Zoobles! Spring to Life!,0.02
Diablo II,0.02
Shrek Smash n' Crash Racing,0.05
F1 2011,0.17
Drakengard 2,0.07
Ben 10 Galactic Racing,0.02
Grand Knights History,0.13
Scene It? Bright Lights! Big Screen!,0.17
Harvest Moon DS (jp sales),0.16
Castlevania: Legacy of Darkness,0.02
Sin and Punishment,0.07
NBA Jam 2000,0.11
Sonic Riders,0.18
Shrek Super Party,0.03
Venetica,0.18
Rally Fusion: Race of Champions,0.19
The House of the Dead,0.08
Transformers: Prime,0.08
Persona 4: Arena,0.17
Street Fighter IV,0.07
Cabela's Alaskan Adventure,0.02
RealSports Volleyball,0.07
Heroes of the Pacific,0.06
RollerCoaster Tycoon,0.16
NightCaster,0.13
FIFA World Cup Germany 2006,0.19
Space Camp,0.12
Hitman 2: Silent Assassin,0.15
Lovely Lisa and Friends,0.05
Digimon Racing,0.03
All Star Cheer Squad 2,0.2
Ape Escape 3,0.11
"Crouching Tiger, Hidden Dragon",0.13
Final Fantasy XIV: Heavensward,0.12
Last Bronx,0.12
Secret Agent Clank,0.05
Barbie and the Three Musketeers,0.04
Science Papa,0.17
Momotaro Douchuuki,0.19
Iridion II,0.14
Whiplash,0.01
007: Quantum of Solace,0.19
Family Fortunes,0.19
Borderlands: Double Game Add-On Pack,0.17
Farming Simulator 2011,0.15
Watch Dogs,0.2
BlazBlue: Continuum Shift II,0.14
Summon Night: Twin Age,0.09
Spider-Man: Battle for New York,0.08
Pop'n Music Portable,0.05
Nintendo Puzzle Collection,0.17
Destroy All Humans! Path of the Furon,0.14
Army Men: Soldiers of Misfortune,0.18
Game Party: Champions,0.03
Otogi: Myth of Demons,0.2
Margot's Word Brain,0.03
Peppa Pig: Fun and Games,0.14
Dreamworks 2-in-1 Party Pack,0.02
Alter Echo,0.01
Walt Disney Pictures Presents: The Wild,0.2
Green Lantern: Rise of the Manhunters,0.06
Puzzle de Harvest Moon,0.08
Metal Max 3,0.18
Rock Band Track Pack Volume 1,0.17
Puyo Puyo!! 20th Anniversary,0.09
My Baby: First Steps,0.08
Namco Soccer Prime Goal,0.15
NBA 08,0.03
Monster Hunter Frontier Online,0.04
Shin Megami Tensei: Digital Devil Saga,0.09
Deception IV: Blood Ties,0.02
Rango: The Video Game,0.03
Assassination Classroom: Grand Siege on Kuro-sensei,0.18
Megamind: The Blue Defender,0.06
Puppies 3D,0.06
Cars 2,0.11
The Stronghold Collection,0.07
Jissen Pachi-Slot Hisshouhou! Aladdin II Evolution,0.17
Mystic Ark,0.14
One Piece: Unlimited World Red,0.16
The Price is Right 2010 Edition,0.08
Cabela's Dangerous Hunts 2009,0.01
Ty the Tasmanian Tiger 2: Bush Rescue,0.12
Teenage Mutant Ninja Turtles 2: Battle Nexus,0.14
Tom Clancy's Splinter Cell: Double Agent,0.03
LEGO Racers 2,0.19
Eat Lead: The Return of Matt Hazard,0.12
Yu-Gi-Oh! Nightmare Troubadour (JP sales),0.03
Backyard Baseball,0.2
Star Wars: Lethal Alliance,0.05
Naruto Shippuden: Kizuna Drive,0.04
Under Night In-Birth,0.09
Sega GT,0.03
Steel Battalion: Heavy Armor,0.04
Green Lantern: Rise of the Manhunters,0.08
Legends of Wrestling,0.16
Fit in Six,0.11
Gunstar Heroes,0.1
All-Star Baseball 2004,0.17
Tamagotchi no Pichi Pichi Omisecchi,0.14
Shining Wind,0.11
Rock Band Track Pack Volume 2,0.08
Dokapon Kingdom,0.15
Onechanbara: Bikini Samurai Squad,0.11
Portal Runner,0.05
Pokémon: For Ho-Oh the Bells Toll!: Game Boy Advance Video,0.16
Warriors Orochi 2,0.15
Hyperdevotion Noire: Goddess Black Heart,0.18
Disney's Winnie the Pooh's Rumbly Tumbly Adventure,0.09
Assault: Retribution,0.02
Sengoku Basara 3 Utage,0.16
Spartan: Total Warrior,0.1
City Crisis,0.17
Zapper: One Wicked Cricket!,0.05
Smart Boy's Gameroom,0.2
Victorious: Time to Shine,0.15
Star Wars: Clone Wars,0.1
High Rollers Casino,0.2
Advent Rising,0.02
Surf Riders,0.11
Torino 2006,0.13
Nobunaga no Yabou: Ranseiki,0.15
Derby Stallion Advance,0.16
The X-Factor,0.07
Monopoly Party,0.19
Snood,0.17
TOCA Race Driver 2: Ultimate Racing Simulator,0.12
Monster Jam: Urban Assault,0.18
DT Racer,0.19
Soccer Tsuku: Pro Soccer Club o Tsukurou!,0.06
World Cup Golf: Professional Edition,0.15
NBA 2K13,0.11
Black Dawn,0.14
428: Fuusa Sareta Shibuya de,0.09
7 Wonders of the Ancient World,0.08
Kelly Slater's Pro Surfer,0.02
Top Shot Arcade,0.1
Warriors of Might and Magic,0.02
Twister Mania,0.09
Drome Racers,0.13
Gungnir: Mayari no Gunshin to Eiyuu Sensou,0.17
X-Men: Next Dimension,0.15
Dynasty Warriors 5 Empires,0.09
Fuse (Insomniac),0.2
WipeOut 3 The Game,0.08
7th Dragon 2020-II,0.17
Doukyuusei 2,0.16
Aikatsu! 365 Idol Days,0.16
SkullMonkeys,0.13
Burnout,0.14
Baroque,0.16
SBK 2011: FIM Superbike World Championship,0.18
Jurassic: The Hunted,0.07
Dynasty Warriors: Gundam Reborn,0.14
Little Battlers eXperience: Wars,0.14
DreamWorks Super Star Kartz,0.08
Hour of Victory,0.07
Indianapolis 500 Legends,0.2
NBA Ballers: Phenom,0.05
Shimano Xtreme Fishing,0.13
Crash Tag Team Racing,0.05
Freedom Fighters,0.15
Yu-Gi-Oh! GX: Tag Force,0.16
NBA 2K17,0.16
Mega Man X Collection,0.1
Left Brain Right Brain 2,0.12
Detana TwinBee Yahho! Deluxe Pack,0.18
Last Ranker,0.12
Quantum Redshift,0.06
The History Channel: Great Battles - Medieval,0.03
Smash Court Tennis Pro Tournament 2,0.13
Brothers in Arms: Double Time,0.14
Legends of Wrestling II,0.05
Power Pro Kun Pocket 13,0.09
Armed and Dangerous,0.08
Football Manager 2012,0.15
Project CARS,0.07
Teenage Mutant Ninja Turtles: Arcade Attack,0.09
World Soccer Winning Eleven 2002,0.06
Actua Tennis,0.12
Monster Truck Madness,0.14
Resident Evil,0.18
Sonic Jam,0.07
Puella Magi Madoka Magica Portable,0.04
Peter Jacobsen's Golden Tee Golf,0.1
Space Bust-A-Move,0.13
Avatar: The Last Airbender - Into the Inferno,0.09
Deadpool,0.18
Disney's Atlantis: The Lost Empire,0.13
Nippon Daihyou Team no Kantoku ni Narou! Sekaihatsu Soccer RPG,0.06
Just Cause 2,0.01
Crush3D,0.01
LEGO Marvel's Avengers,0.04
High Velocity: Mountain Racing Challenge,0.19
NeverDead,0.08
Capcom vs. SNK 2: Millionaire Fighting 2001,0.1
Criticom,0.07
Mega Man X: Command Mission,0.17
Charm Girls Club: My Fashion Mall,0.17
SCORE International Baja 1000: The Official Game,0.01
Deepak Chopra's Leela,0.06
Need for Speed: ProStreet,0.11
DiRT Rally,0.13
NHL 2K7,0.16
Go Play: Circus Star,0.1
Worms 3D,0.2
Gladiator Begins,0.03
Clock Tower: The First Fear,0.02
Sleeping Dogs,0.1
Kidou Senshi Gundam Seed Battle Destiny,0.05
Diner Dash: Sizzle & Serve,0.12
Impossible Mission,0.05
"Kilari: Na-san, Mon Meilleur Ami",0.1
Strikers 1945,0.14
Ochaken no Heya DS,0.2
Fire ProWrestling S: 6Men Scramble,0.19
Galidor: Defenders of the Outer Dimension,0.17
Pryzm Chapter One: The Dark Unicorn,0.18
Gundam Battle Royale,0.18
F1 2016 (Codemasters),0.19
Eat Lead: The Return of Matt Hazard,0.2
Karaoke Revolution,0.06
Zen-Nippon Pro Wrestling: Ouja no Kon,0.02
NASCAR 2005: Chase for the Cup,0.11
Are You Smarter than a 5th Grader? Game Time,0.13
"Hisshou Pachinko*Pachi-Slot Kouryaku Series Vol. 12: CR Shinseiki Evangelion - Shito, Futatabi",0.05
Guilty Gear X,0.11
Obscure: The Aftermath,0.06
One Piece: Pirate Warriors 2,0.2
Gotouchi Tetsudou: Gotouchi Chara to Nihon Zenkoku no Tabi,0.18
NHL 2002,0.08
Mugen no Frontier: Super Robot Taisen OG Saga EXCEED,0.01
Etrian Odyssey V,0.15
Disney's PK: Out of the Shadows,0.02
Wild Earth: African Safari,0.1
Echo Night,0.07
Wild ARMs 5 (jp sales),0.14
Record of Agarest War Zero,0.16
Colony Wars III: Red Sun,0.09
Magic: The Gathering - Battlemage,0.19
Rocksmith,0.04
Backyard Baseball '09,0.16
James Bond 007: Legends,0.12
Conception II: Children of the Seven Stars,0.02
The King of Fighters '94,0.08
DS Yamamura Misa Suspense: Maiko Kogiku - Kisha Katherine - Sougiya Isa Akashi - Koto ni Maru Hana Sanrin: Kyoto Satujin Jinken File,0.01
All Kamen Rider: Rider Generation,0.17
The King of Fighters '98 Ultimate Match,0.05
Reader Rabbit Kindergarten,0.08
Puzzle Quest: Challenge of the Warlords,0.07
Chessmaster: The Art of Learning,0.12
Guardian's Crusade,0.03
MotoGP 3 - Official Game of MotoGP,0.17
Lego Star Wars: The Force Awakens,0.12
Makai Kingdom: Chronicles of the Sacred Tome,0.1
Lemony Snicket's A Series of Unfortunate Events,0.16
Gundam Breaker 3,0.13
Neopets Petpet Adventures: The Wand of Wishing,0.02
The Ant Bully,0.12
M&M's Kart Racing,0.11
Bomberman Party Edition,0.03
Ice Age: Dawn of the Dinosaurs,0.2
SingStar Vol. 3,0.06
Star Trek: Conquest,0.11
My Fitness Coach: Club,0.11
Major League Baseball 2K8 Fantasy All-Stars,0.18
Eyeshield 21: Max Devil Power,0.05
Summon Night 3,0.19
O.D.T.: Escape... Or Die Trying,0.05
Madden NFL 06,0.13
Rango: The Video Game,0.07
Break 'Em All,0.03
Super Robot Wars OG Saga: Masou Kishin II - Revelation of Evil God,0.1
Mobile Suit Gundam Seed: Rengou vs. Z.A.F.T. Portable,0.12
San Goku Shi V,0.1
Red Faction II,0.15
Go! Sudoku,0.03
Daikaijyuu Monogatari II,0.04
Rock Band Track Pack Volume 2,0.09
Voodoo Vince,0.08
Disney Sing It: Party Hits,0.1
Gundam Memories: Tatakai no Kioku,0.08
Everybody Dance,0.14
Kaijuu Busters,0.13
Blackwater,0.14
Tom Clancy's Ghost Recon,0.09
Ferrari Challenge Trofeo Pirelli,0.07
Moshi Monsters: Katsuma Unleashed,0.04
Virtua Fighter CG Portrait Series Vol.4: Pai Chan,0.2
Chase: Hollywood Stunt Driver,0.07
Mobile Suit Gundam Side Story: Missing Link,0.13
Thor: God of Thunder,0.19
The X Files: Resist or Serve,0.13
Touch My Katamari,0.08
PixelJunk Monsters Deluxe,0.19
Saru! Get You! Million Monkeys,0.06
Legend of the Guardians: The Owls of Ga'Hoole,0.07
Ben 10 Galactic Racing,0.06
Curious George,0.06
Killer is Dead,0.12
Don Bradman Cricket 14,0.05
Megamind: Ultimate Showdown,0.17
Zathura,0.17
Medarot DS: Kabuto / Kuwagata Ver.,0.13
Atelier Sophie: The Alchemist of the Mysterious Book,0.15
Mytran Wars,0.19
Making History: The Great War,0.12
NCIS,0.04
Undead Knights,0.02
Ninja Reflex,0.14
Cel Damage,0.18
Lovely Lisa,0.1
Dance Paradise,0.19
SSX 3,0.14
Sword Art Online: Hollow Fragment,0.18
Supremacy MMA,0.17
Yamakawa Shuppansha Kanshuu: Shousetsu Nihonshi B,0.06
The God of War Trilogy,0.07
Lunar: Dragon Song,0.2
Breakdown,0.03
Rush,0.13
Ecco the Dolphin,0.03
Solitaire & Mahjong,0.1
Venetica,0.17
Looney Tunes: Sheep Raider,0.13
Horse Life,0.15
Geometry Wars: Galaxies,0.06
Robinson: The Journey,0.17
Conduit 2,0.01
Harvest Moon 2 GBC,0.13
Zenses: Rainforest,0.05
Backyard Baseball '10,0.12
Rise of the Tomb Raider,0.19
The Lord of the Rings: Aragorn's Quest,0.08
X2: Wolverine's Revenge,0.13
Cabela's Dangerous Hunts 2011,0.08
Hatsune Miku: Project Diva X,0.1
Deadliest Catch: Sea of Chaos,0.08
McDROID,0.08
Destiny: The Collection,0.13
Lego Star Wars: The Force Awakens,0.12
Gallop Racer 2000,0.1
Showdown: Legends of Wrestling,0.15
Godzilla Unleashed: Double Smash,0.09
My Farm Around the World,0.2
Macross Triangle Frontier,0.2
SpongeBob's Surf & Skate Roadtrip,0.16
Farming Simulator 17,0.03
Dishonored 2,0.08
NASCAR Unleashed,0.17
The Smurfs 2,0.09
Street Hoops,0.03
Backyard Sports Football: Rookie Rush,0.16
Transformers: War for Cybertron -- Decepticons,0.12
Rocket: Robot on Wheels,0.13
Densha De Go! 64,0.2
NFL QB Club 2001,0.08
Earthworm Jim 3D,0.18
NPPL: Championship Paintball 2009,0.04
Shin Megami Tensei: Devil Survivor 2,0.02
Atelier Annie: Alchemists of Sera Island,0.12
WRC: FIA World Rally Championship,0.1
PBR: Out of the Chute,0.1
WWE SmackDown vs Raw 2008,0.12
Godzilla: Destroy All Monsters Melee,0.01
College Hoops 2K6,0.18
Sega Soccer Slam,0.09
Dragon Quest Builders: Revive Alefgard,0.2
Dora the Explorer: Dora Saves the Mermaids,0.06
2 Games in 1 Double Pack: Hot Wheels Velocity X / Hot Wheels World Race,0.01
DiRT 2,0.09
Mahou Shoujo Lyrical Nanoha A's Portable: The Gears of Destiny,0.02
Dodge Racing: Charger vs Challenger,0.14
Fate/Extra CCC,0.07
Greg Hastings Paintball 2,0.11
Fat Princess: Fistful of Cake,0.02
MTV Sports: Pure Ride,0.15
Burning Road,0.1
Sonic Adventure 2,0.06
IndyCar Series,0.07
Slayers,0.2
Super Robot Wars OG Saga: Masou Kishin - The Lord of Elemental,0.2
Space Chimps,0.2
Backyard Sports Football: Rookie Rush,0.09
Crash Superpack: Crash Bandicoot 2: N-Tranced / Crash Nitro Kart,0.2
Famicom Mini: TwinBee,0.14
Tony Hawk's Pro Skater 5,0.17
Gladiator: Sword of Vengeance,0.04
Rodea the Sky Soldier,0.15
The Daring Game for Girls,0.18
Yakuza Kiwami,0.14
DreamWorks Super Star Kartz,0.1
Pinball Hall of Fame: The Williams Collection,0.18
Ultimate Card Games,0.18
Jikkyou Powerful Pro Yakyuu 8 Ketteiban,0.17
NBA 2K17,0.12
Academy of Champions: Soccer,0.05
Overlord: Raising Hell,0.19
Wallace & Gromit: Curse of the Were-Rabbit,0.19
Power Gig: Rise of the SixString,0.02
Mountain Sports,0.03
Puzzle Kingdoms,0.08
Skylanders: SuperChargers,0.05
Monster Jam: Path of Destruction,0.12
The Bible Game,0.02
NFL Head Coach,0.08
Just Dance: Disney Party,0.08
Medarot 4: Kabuto / Kuwagata Version,0.15
Deca Sports Extreme,0.14
Kidz Sports: Crazy Golf,0.11
Major League Baseball 2K6,0.13
Mahou Shoujo Lyrical Nanoha A's Portable: The Battle of Aces,0.14
Deepak Chopra's Leela,0.05
"Ed, Edd n Eddy: The Mis-Edventures",0.14
Onimusha: Blade Warriors,0.06
One Piece: Super Grand Battle! X,0.11
Disney's Extreme Skate Adventure,0.12
Akuji the Heartless,0.03
NBA 2K2,0.08
Akiba's Trip: Undead & Undressed,0.19
Psychonauts,0.11
Tales of Berseria,0.04
Jeremy McGrath Supercross World,0.05
Uta no * Prince-Sama: All Star,0.16
HardBall 5,0.01
Airborne Troops: Countdown to D-Day,0.06
MLB Inside Pitch 2003,0.09
Jikkyou Powerful Pro Yakyuu 2014,0.13
Skate City Heroes,0.02
The Sky Crawlers: Innocent Aces,0.11
Battle Arena Toshinden Remix,0.17
nail'd,0.08
Legends of Wrestling II,0.2
Lost Magic,0.03
A.C.E.: Another Century's Episode Portable,0.15
Jaws: Ultimate Predator,0.06
Marvel Avengers: Battle for Earth,0.06
Jikkyou Powerful Pro Yakyuu 9,0.01
Rock Band: Metal Track Pack,0.17
Alice: Madness Returns,0.18
Barbie as The Island Princess,0.11
Crime Killer,0.05
Petz Puppyz & Kittenz,0.07
Backyard Wrestling 2: There Goes the Neighborhood,0.16
Raiden IV,0.04
MX vs. ATV Untamed,0.04
Tom Clancy's Splinter Cell: Blacklist,0.11
SD Gundam G Generation-F.I.F,0.15
Bishoujo Senshi Sailormoon S: Juugai Rantou!? Shuyaku Soudatsusen,0.05
Rubik's World,0.07
Zenses: Ocean,0.08
Phantasy Star Universe,0.07
Peggle: Dual Shot,0.12
NPPL: Championship Paintball 2009,0.05
Spider-Man: Edge of Time,0.01
Cruis'n,0.08
Samurai Warriors 4-II,0.13
Harukanaru Augusta 2: Masters,0.05
Castlevania: Curse of Darkness,0.16
SimAnimals Africa,0.11
Love Live! School Idol Paradise,0.07
Lost Planet 3,0.03
Battles of Prince of Persia,0.03
The Clique: Diss and Make Up,0.18
Mobil 1 Rally Championship,0.08
USA Today Crossword Challenge,0.13
King of Colosseum (Red): Shin Nippon x Zen Nippon x Pancrase Disc,0.07
Turok: Evolution,0.05
Charm Girls Club: My Perfect Prom,0.03
Marvel Trading Card Game,0.03
Rugrats: Totally Angelica,0.02
Nightshade,0.04
Brunswick Pro Bowling,0.1
CSI: Crime Scene Investigation,0.1
Wipeout 2,0.07
LEGO Batman 2: DC Super Heroes,0.2
Ultimate Puzzle Games: Sudoku Edition,0.09
Buffy the Vampire Slayer: Chaos Bleeds,0.09
Onechanbara: Bikini Zombie Slayers,0.17
Hanagumi Taisen Columns,0.15
Tropico 5,0.01
Tales of Destiny 2,0.17
Teenage Mutant Ninja Turtles 3: Mutant Nightmare,0.09
Reality Fighters,0.05
Petz Fantasy: Moonlight Magic,0.12
The Price is Right: Decades,0.01
Power Pro Kun Pocket 14,0.01
Dragon Ball: Origins,0.03
Jikkyou Powerful Pro Baseball 2016,0.18
FIFA 17,0.15
After Hours Athletes,0.13
UN Squadron,0.15
Tecmo Super Bowl,0.19
Disney Princess: Enchanting Storybooks,0.09
Dora the Explorer: Journey to the Purple Planet,0.14
Lunar 2: Eternal Blue,0.02
NHL Powerplay '96,0.14
Thousand Arms,0.05
Arctic Thunder,0.05
Barnyard,0.01
2 in 1 Combo Pack: Sonic Heroes / Super Monkey Ball Deluxe,0.08
Stolen Song,0.06
Armored Core: Verdict Day,0.05
Yattaman DS: BikkuriDokkiri Daisakusen da Koron,0.11
Madden NFL 17,0.04
Harvey Birdman: Attorney at Law,0.1
My Chinese Coach,0.17
Lost in Shadow,0.04
DEATH NOTE: Kira Game,0.04
Legend of the Guardians: The Owls of Ga'Hoole,0.16
Sengoku Cyber: Fujimaru Jigokuhen,0.2
Hisshou Pachinko*Pachi-Slot Kouryaku Series Vol.10: CR Shinseiki Evangelion: Kiseki no Kachi,0.15
ASH: Archaic Sealed Heat,0.08
DreamWorks Super Star Kartz,0.2
Dorabase 2: Nettou Ultra Stadium,0.07
Where the Wild Things Are,0.15
Center Ring Boxing,0.12
NHL 2K3,0.11
Die Hard: Vendetta,0.16
F1 2002,0.19
Every Extend Extra,0.01
FIFA Soccer,0.06
Cabela's North American Adventures,0.19
Darkspore,0.14
Self-Defense Training Camp,0.01
Sphinx and the Cursed Mummy,0.01
Midnight Mysteries: The Edgar Allan Poe Conspiracy,0.04
Dynasty Warriors 8: Xtreme Legends,0.15
GT Advance 2: Rally Racing,0.06
Yakuza,0.19
Karaoke Revolution Presents American Idol Encore 2,0.17
Deception IV: Blood Ties,0.19
DOA 2: Dead or Alive 2 Hardcore,0.12
Tenchu: Shadow Assassins,0.12
Fuse (Insomniac),0.03
Cabela's Deer Hunt 2005 Season,0.14
SplashDown,0.15
18 Wheels of Steel: Extreme Trucker 2,0.17
Nobunaga no Yabou: Tenshoki,0.15
F1 Racing Championship,0.1
Dead Man's Hand,0.08
Smash Cars,0.17
NASCAR 07,0.06
Merv Griffin's Crosswords,0.17
Tecmo Bowl: Kickoff,0.15
Lost Horizon,0.1
SingStar Latino,0.09
NFL Tour,0.16
Digimon World 4,0.07
MLB 2K9 Fantasy All-Stars,0.09
Spectral Force 3,0.16
Ford Racing 3,0.2
MLB SlugFest Loaded,0.01
Sotsugyou Crossworld,0.02
Ty the Tasmanian Tiger 3: Night of the Quinkan,0.1
The Amazing Spider-Man (Console Version),0.06
Ys I & II Chronicles,0.12
R: Racing Evolution,0.12
Bionicle,0.2
The Ant Bully,0.16
Risen 3: Titan Lords,0.01
Bleach GC: Tasogare Ni Mamieru Shinigami,0.11
Chou Jigen Game Neptune Mk-II,0.06
Battle Fantasia,0.03
Jikkyou Powerful Pro Yakyuu 2000 Ketteiban,0.09
Karaoke Revolution,0.08
Fire Pro Wrestling Returns,0.02
Obscure: The Aftermath,0.17
Jimmy Neutron: Boy Genius,0.06
Henry Hatsworth in the Puzzling Adventure,0.18
Derby Stallion,0.01
Rollcage Stage II,0.11
Samurai Warriors 2: Xtreme Legends,0.06
Dead or Alive 5,0.18
Karaoke Joysound Wii DX,0.2
Sloane to MacHale no Nazo no Monogatari 2,0.07
Game Hits!,0.17
Spider-Man: Edge of Time,0.18
Tabi no Yubisashi Kaiwachou DS: DS Series 4 America,0.15
Invasion From Beyond,0.04
Jumper: Griffin's Story,0.05
Forgotten Realms: Demon Stone,0.2
Major League Baseball 2K7,0.2
Rock Band 3,0.01
LEGO Star Wars II: The Original Trilogy,0.17
Dynasty Warriors 8: Empires,0.08
Batman: A Telltale Game Series,0.08
Tim Burton's The Nightmare Before Christmas: Oogie's Revenge,0.11
Mahjong Master,0.13
Crash Boom Bang!,0.04
Royal Palace of White Sword and The City of Gentiles,0.15
Top Gear Rally,0.08
Red Faction: Armageddon,0.03
BIT.TRIP COMPLETE,0.14
L: the proLogue to DEATH NOTE - Rasen no Wana,0.19
Rugby 15,0.05
Famicom Mini: Makaimura,0.04
The Witch and the Hundred Knight,0.11
XIII,0.01
Kuroko's Basketball: Ties to Future,0.12
Data East Arcade Classics,0.04
Ski and Shoot,0.06
The Incredibles: Rise of the Underminer,0.18
Theme Hospital,0.1
Inazuma Eleven 3,0.06
Wizardry: Tale of the Forsaken Land,0.02
ShellShock 2: Blood Trails,0.1
Just Dance Wii U,0.13
F.E.A.R. Files,0.01
ChuChu Rocket!,0.14
FIFA 12,0.14
Codename Tenka,0.16
Savage Skies,0.09
Indianapolis 500 Legends,0.14
Sega Bass Fishing,0.09
Walt Disney's The Jungle Book: Rhythm N'Groove,0.19
Assassin's Creed Chronicles,0.02
The Smurfs 2,0.03
Lara Croft and the Temple of Osiris,0.05
Million God,0.15
Cyberia,0.12
The Sims 2: Apartment Life,0.13
Killer7,0.13
Age of Mythology,0.09
Busy Scissors,0.02
Lost Heroes,0.1
Astro Boy,0.2
RollerCoaster Tycoon 3: Platinum,0.07
SD Gundam G Generation Genesis,0.02
Wacky World of Sports,0.13
Puss in Boots,0.2
Monster House,0.08
Wing Commander IV: The Price of Freedom,0.07
Cloudy With a Chance of Meatballs,0.11
Charlotte's Web,0.05
MetropolisMania,0.03
Mystery Stories: Curse of the Ancient Spirits,0.14
Shin Megami Tensei: Devil Summoner - Raidou Kuzunoha vs. The Soulless Army,0.07
Bomberman Land Touch!,0.05
Monster Jam: Urban Assault,0.05
My Make-Up,0.04
50 Cent: Bulletproof,0.01
Princess Maker 2,0.17
NCAA Football 08,0.15
SRS: Street Racing Syndicate,0.01
Ephemeral Fantasia,0.04
1 vs. 100,0.09
Winter Sports 2: The Next Challenge,0.12
Destroy All Humans! Path of the Furon,0.01
Major League Baseball 2K9,0.01
Aibou DS,0.01
Great Party Games,0.08
Tokimeki Memorial: Taisen Pazurudama,0.17
Beat Sketch!,0.13
Bleach: Heat the Soul 5,0.11
Koudelka,0.02
Animal Planet: Emergency Vets,0.03
IHRA Drag Racing: Sportsman Edition,0.03
Virtua Fighter CG Portrait Series Vol.2: Jacky Bryant,0.11
Famicom Mini: Famicom Mukashi Banashi - Shin Oniga Shima Zenkouhen,0.14
Counter-Strike: Source,0.15
Puzzle Chronicles,0.14
Ski-Doo Snowmobile Challenge,0.12
Gray Matter,0.11
Brain Voyage,0.16
America's Army: True Soldiers,0.09
Adventure Time: Finn & Jake Investigations,0.11
Toukiden 2,0.09
Raiden Fighters Aces,0.05
My Stop Smoking Coach: Allen Carr's EasyWay,0.01
SD Gundam G Generation Genesis,0.12
NASCAR The Game: Inside Line,0.19
Star Wars: Empire at War,0.03
Pachitte Chonmage Tatsujin 13: Pachinko Hissatsu Shigotojin III,0.09
BlazBlue Central Fiction,0.06
Wreckin Crew,0.06
Theme Park,0.14
Famicom Mini: Mario Bros.,0.14
RockMan EXE 4.5 Real Operation,0.16
Rescue Heroes: Billy Blazes,0.18
Jaws: Ultimate Predator,0.19
Are You Smarter Than a 5th Grader? Back to School,0.1
Sega GT Online,0.16
SingStar: Made In Germany,0.03
Derby Tsuku: Derby Uma o Tsukurou!,0.14
Frantix,0.14
Knights in the Nightmare,0.14
SeaWorld Adventure Parks: Shamu's Deep Sea Adventure,0.15
Marvel Nemesis: Rise of the Imperfects,0.11
Prisoner of War,0.2
Konami Classics Vol. 1,0.16
Princess Isabella: A Witch's Curse,0.07
S.C.A.R.S,0.17
The King of Fighters '98: Dream Match Never Ends,0.04
The Seven Deadly Sins: Unjust Sin,0.03
ESPN NFL Primetime 2002,0.08
Zoids: Legacy,0.11
Kidou Senshi Gundam 00,0.18
Nano Assault,0.19
Captain America: Super Soldier,0.12
Onimusha Tactics,0.08
Bomberman Jetters,0.12
Nikoli's Pencil Puzzle,0.18
TOCA Race Driver 3,0.11
Mad Dog McCree: Gunslinger Pack,0.07
Deadliest Catch: Sea of Chaos,0.01
Pac-Man Power Pack,0.12
How to Train Your Dragon 2,0.17
Blacksite: Area 51,0.08
Disney's Donald Duck: Goin' Quackers,0.06
Ultimate Brain Games,0.05
Charm Girls Club: My Fashion Show,0.05
Angry Birds Star Wars,0.07
Exit,0.02
Armorines: Project S.W.A.R.M.,0.01
Gundam Seed: Battle Assault,0.02
Harvey Birdman: Attorney at Law,0.1
Chibi Maruko-Chan: Harikiri 365-Nichi no Maki,0.06
The Voice,0.12
SaGa 3: Jikuu no Hasha - Shadow or Light,0.05
Thomas & Friends: Hero of the Rails,0.11
The Secret Saturdays: Beasts of the 5th Sun,0.14
Wonder World Amusement Park,0.1
Famicom Mini: Adventure Island,0.1
Aliens versus Predator: Extinction,0.19
Bejeweled 3,0.19
RTX Red Rock,0.12
Tokimeki Memorial: Girl's Side,0.19
FIFA Street 2,0.14
Smart Bomb,0.2
Edna & Harvey: Harvey's New Eyes,0.09
Shining Force: Resurrection of the Dark Dragon,0.14
Shining Soul II,0.03
Orega Kantoku Da! Gekitou Pennant Race,0.07
Guilty Gear XX Accent Core Plus,0.03
The Golf Club,0.09
Hello Kitty: Roller Rescue,0.18
Jikkyou Powerful Pro Yakyuu 12,0.17
Metal Slug Advance,0.16
Pac-Man World Rally,0.18
Gradius Galaxies,0.13
Blazing Angels: Squadrons of WWII,0.19
God Eater Resurrection,0.06
Mortal Kombat Kollection,0.18
NHL 2K7,0.2
LEGO Soccer Mania,0.08
Blades of Blood: Samurai Shodown III,0.18
MotoGP 14,0.01
Gundam the 3D Battle,0.19
Air Conflicts: Secret Wars,0.16
Face Racers: Photo Finish,0.19
Miami Nights: Singles in the City,0.01
Shovel Knight,0.07
Godzilla Generations,0.13
Strider 2,0.16
Forbidden Siren 2,0.05
Board Game Classics,0.2
Invizimals: The Alliance,0.13
Midnight Play! Pack,0.19
Junior Mystery Quest,0.05
Death Jr. and the Science Fair of Doom,0.15
101-in-1 Sports Megamix,0.02
Shin Megami Tensei: Digital Devil Saga 2,0.1
Pro Evolution Soccer 2013,0.02
Transformers: Devastation,0.01
Playmobil Pirates,0.19
Zatch Bell! Mamodo Battles,0.13
The Penguins of Madagascar: Dr. Blowhole Returns - Again!,0.14
Wildlife Park 3,0.06
Get Fit with Mel B,0.1
Battleborn,0.19
Dream Day: Wedding Destinations,0.11
Agatha Christie: Evil Under the Sun,0.12
Cloudy With a Chance of Meatballs,0.06
Iron Man / X-O Manowar in Heavy Metal,0.05
Kamen Rider: Travelers Senki,0.2
Derby Stallion 98,0.11
Pimp My Ride: Street Racing,0.15
Pretty Rhythm: My Deco Rainbow Wedding,0.03
Robotron X,0.13
Naruto Shippuden: Shinobi Rumble,0.16
Martian Panic,0.18
J-League Winning Eleven 2009: Club Championship,0.2
Don King Boxing,0.02
Build 'n Race,0.07
Grand Prix Challenge,0.17
Meitantei Conan & Kindaichi Shounen no Jikenbou: Meguri au Futari no Meitantei,0.01
Guilty Gear Xrd -Revelator-,0.2
FIFA Soccer 2005,0.06
PoPoLoCrois (JP sales),0.08
ShellShock 2: Blood Trails,0.01
Ken to Mahou to Gakuen Mono. 2,0.17
Mega Man Legacy Collection,0.02
Knights Contract,0.15
Kaijuu Busters Powered,0.16
NHL 06,0.08
The Spiderwick Chronicles,0.1
Initial D: Extreme Stage,0.11
Pinobee: Wings of Adventure,0.16
Touch Mechanic,0.06
State of Emergency 2,0.12
Sushi Academy,0.14
Gintama Gin-Oh Quest: Gin-San ga Tenshoku Shitari Sekai wo Sukuttari,0.1
One Piece: Romance Dawn - Bouken no Yoake,0.06
I Am In The Movie,0.14
Fatal Frame III: The Tormented,0.18
Zero: Tsukihami no Kamen,0.06
Seven Samurai 20XX,0.11
Generator Rex: Agent of Providence,0.2
Adventure Time: The Secret of the Nameless Kingdom,0.07
Risen 3: Titan Lords,0.13
"Hisshou Pachinko*Pachi-Slot Kouryaku Series DS Vol. 2: Shinseiki Evangelion - Shito, Futatabi",0.18
Transformers: Devastation,0.11
Jikkyou Powerful Pro Yakyuu 15,0.2
Tornado Outbreak,0.04
Ninjabread Man,0.13
Tom Clancy's Splinter Cell: Pandora Tomorrow,0.16
DanceDanceRevolution,0.14
Battlefield 2,0.06
Slayers Royal,0.04
Swingerz Golf,0.14
Pro Evolution Soccer 2008 (JP sales),0.16
Murder in Venice,0.04
Titanfall 2,0.06
Persona 4: Arena Ultimax,0.04
Supremacy MMA,0.02
Pretty Rhythm Rainbow Live: Kira Kira My * Design,0.08
The King of Fighters 2006,0.08
The Hidden,0.02
Nobunaga's Ambition: Rise to Power,0.14
FIFA Soccer 2003,0.09
DaGeDar,0.15
Little League World Series Baseball 2010,0.02
Outlaw Golf,0.19
Steins;Gate: Hiyoku Renri no Darling,0.07
Major League Baseball 2K11,0.15
King's Field (Japan),0.11
Slam 'n Jam '96 featuring Magic & Kareem,0.19
Petz: Dogz Family,0.05
My English Coach: Para Hispanoparlantes,0.17
ToraDora Portable!,0.2
The Italian Job,0.16
Smuggler's Run: Warzones,0.02
SafeCracker: The Ultimate Puzzle Adventure,0.18
Warriors Orochi 3 Hyper,0.18
Diva Girls: Divas on Ice,0.05
NBA 10: The Inside,0.19
Kaidan Restaurant: Ura Menu 100-Sen,0.07
Qubed,0.07
R/C Stunt Copter,0.08
Yamakawa Shuppansha Kanshuu: Shousetsu Sekaishi B,0.07
Cartoon Network: Punch Time Explosion XL,0.1
Final Fantasy VI,0.2
PAC-MAN and the Ghostly Adventures,0.14
WSC Real 11: World Snooker Championship,0.12
Pop'n Music,0.08
Jikkyou Powerful Major League 2009,0.04
Space Channel 5 Special Edition,0.01
The Legend of Alon D'ar,0.16
Uta no Prince-Sama: All Star After Secret,0.14
The Sims 3: Fast Lane Stuff,0.09
Black/Matrix,0.05
My Friends,0.07
Big Mutha Truckers,0.16
Man vs. Wild,0.03
The King of Fighters '96,0.05
Legend of the Guardians: The Owls of Ga'Hoole,0.16
Super Robot Taisen OG Saga: Endless Frontier,0.01
Sniper: Ghost Warrior 2,0.18
Samurai Shodown Sen,0.17
NHL Breakaway 99,0.04
Tony Hawk's Pro Skater 3,0.18
Iggy's Reckin' Balls,0.15
The Space Bar,0.15
Bust-A-Move 2 Arcade Edition,0.16
Knife Edge: NoseGunner,0.17
Wetrix,0.14
EyeCreate,0.08
Samurai Western,0.13
Looney Tunes: Acme Arsenal,0.15
Line Rider 2: Unbound,0.08
Princess in Love,0.07
Harry Potter and the Sorcerer's Stone,0.2
High Heat Major League Baseball 2004,0.03
TimeSplitters: Future Perfect,0.14
Pro Cycling Manager 2016,0.2
Sports Collection,0.1
Captain Tsubasa: New Kick Off,0.04
Puzzler Mind Gym 3D,0.15
"Warhammer 40,000: Dawn of War II - Retribution",0.13
Kenshuui Tendo Dokuta,0.14
Super Sentai Battle: Ranger Cross,0.03
The Sims 2: Ikea Home Stuff,0.05
AKB1/149: Love Election,0.09
Pilot ni Narou! 2,0.16
Gradius III and IV,0.09
Ken to Mahou to Gakuen Mono. Final: Shinnyusei wa Ohimesama,0.13
Sherlock Holmes: Crimes & Punishments,0.05
Incredible Crisis,0.02
Midway Arcade Treasures 3,0.02
SingStar Apres-Ski Party 2,0.18
Samurai Shodown III,0.05
The King of Fighters EX2: Howling Blood,0.12
Cabela's North American Adventures,0.1
Akiba's Trip Plus,0.16
Famicom Mini: SD Gundam World Gachapon Senshi - Scramble Wars,0.15
Little League World Series Baseball: Double Play,0.2
Kobitodzukan: Kobito no Fushigi - Jikken Set,0.05
Bakugan: Rise of the Resistance,0.2
Ice Age 2: The Meltdown,0.07
Famicom Mini: Star Soldier,0.05
Sentimental Graffiti 2,0.17
Shonen Jump's One Piece: Pirates Carnival,0.2
The Bachelor: The Videogame,0.16
Goblin Commander: Unleash the Horde,0.12
Doraemon: Nobita and the Island of Miracles,0.01
Gekijouban Madoka Magicka: The Battle Pentagram,0.18
Sentimental Graffiti: First Window,0.2
Cartoon Network Collection: Game Boy Advance Video Volume 2,0.01
Knights Contract,0.12
Tempest 3X,0.03
Hidden Invasion,0.11
A-Train,0.14
Get Fit with Mel B,0.17
Disney's Meet the Robinsons,0.1
Superman: Shadow of Apokolips,0.09
Pony Friends 2,0.11
Armored Core 3 Portable,0.02
PAC-MAN and the Ghostly Adventures,0.16
Bleach: Erabareshi Tamashii,0.12
Sengoku Musou 3: Moushouden,0.14
Witches & Vampires: The Secrets of Ashburry,0.05
Batman: Dark Tomorrow,0.17
Pac-Man and the Ghostly Adventures 2,0.07
Crush,0.08
Discovery Kids: Spider Quest,0.19
Yuu Yuu Hakusho: Makyo Toitsusen,0.07
The First Templar,0.1
Rock Revolution,0.05
Ogre Battle Series: Tactics Ogre,0.08
Ultimate Card Games DS,0.12
Jillian Michaels Fitness Ultimatum 2010,0.09
Battlestar Galactica,0.1
Fireblade,0.01
Earth Defense Force 2017,0.14
Tomb Raider: Legend,0.19
Boxing Fever,0.13
RoadKill,0.07
The $1 Pyramid,0.08
Game of Thrones,0.08
From Russia With Love,0.19
UEFA Euro 2016,0.18
7 Wonders of the Ancient World,0.1
Gintama: Gin-San to Issho! Boku no Kabuki Machi Nikki,0.16
Lost Dimension,0.08
Indycar Series 2005,0.2
Resident Evil 6,0.17
Final Fantasy XI: Vana'diel Collection 2008,0.19
Assassin's Creed: Rogue,0.03
Taz Wanted,0.09
Drama Queens,0.13
Wordfish,0.11
Tomb Raider: Underworld,0.14
Penny Racers Party: Turbo-Q Speedway,0.09
Skydiving Extreme,0.16
Evil Dead: Regeneration,0.06
Evolution Worlds,0.12
Far Cry Vengeance,0.18
Petz Fantasy: Sunshine Magic,0.13
Code Lyoko: Fall of X.A.N.A.,0.01
Worms: A Space Oddity,0.18
Motto! Stitch! DS Rhythm de Rakugaki Daisakusen,0.04
Rapala Pro Bass Fishing 2010,0.06
Dungeon Travelers 2: The Royal Library & The Monster Seal,0.12
MLB Front Office Manager,0.19
Sub Rebellion,0.05
Horrid Henry's Horrid Adventure,0.05
X Rebirth,0.01
Striker 96,0.16
Pocket Dogs,0.14
Tokimeki Memorial 4,0.06
Bleach: Heat the Soul 4,0.06
Song of the Deep,0.14
Dragon's Dogma Online,0.19
Real Robots Final Attack,0.14
New International Track & Field,0.16
World Series of Poker 2008: Battle for the Bracelets,0.12
P.N.03 - Product Number Three,0.11
Boku no Natsuyasumi 3: Hokkoku Hen: Chiisana Boku no Dai Sougen​,0.13
Ape Escape: Pumped & Primed,0.07
Super Monkey Ball Adventure,0.05
Monster Trucks DS,0.15
FabStyle,0.01
Outlaw Tennis,0.17
Medabots Dual: Kabuto / Kuwagata,0.05
Happy Feet Two,0.03
Adventure Time: Explore the Dungeon Because I Don't Know!,0.15
LEGO Soccer Mania,0.03
Worms: Open Warfare,0.02
Resident Evil Zero,0.07
Gadget Racers,0.17
Phantasy Star Online Episode III: C.A.R.D. Revolution,0.16
Assassin's Creed The Ezio Collection,0.08
ZhuZhu Babies,0.2
Bleach: Heat the Soul 7,0.06
Nanashi no Game,0.2
Diego's Build & Rescue,0.02
Auto Destruct,0.06
Ultimate Ghosts 'n Goblins,0.08
Samurai Warriors 2,0.01
TrackMania DS,0.04
Dangerous Ji-San to 1000-nin no Otomodachi Yokoshima,0.04
GOTHA: Ismailia Seneki,0.11
Ultimate Fighting Championship: Throwdown,0.17
Major League Baseball 2K12,0.02
Zoo Tycoon (2013),0.03
Silent Hunter III,0.17
Alien Syndrome,0.15
Deep Fear,0.19
Skeleton Warriors,0.15
Ford vs. Chevy,0.11
Endgame,0.11
The Dukes of Hazzard: Return of the General Lee,0.08
Criminal Girls: Invite Only,0.05
Ultimate Duck Hunting,0.13
Just Dance: Disney Party 2,0.13
Dreamer Series: Shop Owner,0.1
Virus,0.16
Jikkyou Powerful Pro Yakyuu Next,0.17
The Sims 3: Barnacle Bay,0.13
WWE Crush Hour,0.14
Metal Gear Solid V: The Phantom Pain,0.01
Dragon Shadow Spell,0.14
Dragon Slayer: The Legend of Heroes,0.03
Sound Novel Tsukuru,0.2
The Idolm@ster,0.01
Momotarou Dentetsu 11,0.14
NHL Hitz 20-03,0.17
Adventure Time: Finn & Jake Investigations,0.09
Guilty Gear XX Slash,0.12
C.O.P.: The Recruit,0.1
Mission Runway,0.2
Urban Reign,0.18
Super Robot Taisen Z Special Disc,0.1
Slayers Royal 2,0.19
Cate West: The Vanishing Files,0.1
Soul Bubbles,0.14
Resident Evil 3: Nemesis,0.03
All-Star Baseball 2004,0.11
Bangai-O Spirits,0.2
Valentino Rossi: The Game,0.12
Ultimate Party Challenge,0.17
Team Elimination Games,0.02
Whac-A-Mole,0.17
Samurai Warriors Chronicles 3,0.18
Winter Stars,0.07
Dawn of Heroes,0.12
Lost in Blue: Shipwrecked,0.03
Salon Superstar,0.15
Scooby-Doo! Who's Watching Who?,0.14
Madden NFL 08,0.02
Aliens in the Attic,0.12
Ro-Kyu-Bu!,0.04
Frogger Beyond,0.02
Katekyoo Hitman Reborn! DS: Flame Rumble Kaien Ring Soudatsuen!,0.02
World Championship Poker: Deluxe Series,0.13
Stuart Little 3: Big Photo Adventure,0.12
"Ni Hao, Kai-lan: Super Game Day",0.16
Serious Sam 3: BFE,0.11
Ultimate Shooting Collection,0.1
Pro Yakyuu Famista DS 2010,0.1
Katekyoo Hitman Reborn! DS: Flame Rumble Hyper - Moeyo Mirai,0.01
Captain Tsubasa,0.18
Infernal: Hell's Vengeance,0.1
Pitfall: The Lost Expedition,0.09
No One Can Stop Mr. Domino!,0.18
Man vs. Wild,0.07
GT Advance 3: Pro Concept Racing,0.05
Duke Nukem: Land of the Babes,0.16
Majin Tensei,0.05
Yoru no Nai Kuni,0.05
Dragon Force II: Kamisarishi Daichi ni,0.01
Monkey Hero,0.09
Sumikko Gurashi: Mura o Tsukurundesu,0.08
Puchi Puchi Virus,0.03
Krazy Ivan,0.05
Need For Speed: Undercover,0.02
Quo Vadis,0.18
Need for Speed: Most Wanted,0.16
PQ: Practical Intelligence Quotient,0.18
The Wolf Among Us,0.16
Fate/Tiger Colosseum,0.13
SCORE International Baja 1000: The Official Game,0.2
10 Minute Solution,0.06
Dragon Ball Z: The Legacy of Goku I & II,0.03
Family Game Night 4: The Game Show,0.13
R: Racing Evolution,0.08
Romance of the Three Kingdoms 13,0.13
Zero Escape: Zero Time Dilemma,0.03
Stella Deus: The Gate of Eternity,0.13
Vietcong: Purple Haze,0.16
Conflict: Desert Storm,0.15
One Piece: Gear Spirit,0.02
Tales of Fandom Vol.2,0.01
Genkai Totsuki Moero Chronicle,0.13
Minna no Joushiki Ryoku TV,0.09
P.T.O. IV: Pacific Theater of Operations,0.04
Bella Sara,0.01
Tears to Tiara: Garland of the Earth,0.19
The Penguins of Madagascar: Dr. Blowhole Returns - Again!,0.11
Backyard NBA Basketball,0.11
Mind Quiz: Your Brain Coach,0.12
Elebits: The Adventures of Kai and Zero,0.17
Aikatsu! My No.1 Stage!,0.09
Codename: Kids Next Door: Operation S.O.D.A.,0.06
Far Cry Instincts Evolution,0.1
Pinball Hall of Fame: The Gottlieb Collection,0.08
Conception: Please Give Birth to My Child!,0.12
Rayman Origins,0.16
Medal of Honor: Underground,0.06
Super Football,0.05
The Idolmaster: Gravure For You! Vol. 3,0.18
Cosmic Family,0.08
Scooby-Doo! Unmasked,0.08
Yoru no Nai Kuni,0.14
Driven,0.1
Dynasty Warriors 3,0.09
Tennis no Oji-Sama Gyutto! DokiDoki Survival - Umi to Yama no Love Passion,0.03
Nicola Kanshuu: Model Oshare * Audition Platina,0.2
Jimmie Johnson's Anything With an Engine,0.14
MTV Music Generator 3: This Is the Remix,0.12
Fairy Tail: Portable Guild 2,0.02
Party Pigs: Farmyard Games,0.17
Imagine: My Restaurant,0.05
Grand Ages: Medieval,0.17
Wizardry: Llylgamyn Saga,0.04
Supremacy MMA,0.13
Kinnikuman Muscle Grand Prix Max 2: Tokumori,0.17
Gale Racer,0.05
In The Groove,0.16
The Legend of Kage 2,0.05
Myst,0.14
World Tour Soccer 06,0.07
Baroque,0.09
Lost Dimension,0.07
Killer Instinct (2013),0.2
AKB1/149: Love Election,0.07
Naruto Shippuden: Gekito Ninja Taisen! EX 3,0.11
Boku no Natsuyasumi Portable 2: Nazo Nazo Shimai to Chinbotsusen no Himitsu,0.13
Magic Pengel: The Quest for Color,0.15
Super Baseball,0.2
Kenka Banchou 6: Soul & Blood,0.07
Jikkyou Powerful Pro Yakyuu 2011 Ketteiban,0.16
Kung Fu Panda: Legendary Warriors,0.11
Formula One World Championship: Beyond the Limit,0.07
Medabots 8,0.17
Divinity: Original Sin,0.09
Little League World Series Baseball: Double Play,0.01
Hakuouki DS,0.07
Buster Bros. Collection,0.11
Agatha Christie: And Then There Were None,0.11
Sony Computer Science Kenkyuujo Mogi Kenichirou Hakase Kanshuu: Nou ni Kaikan Aha Taiken!,0.13
Grease Dance,0.04
Mega Man Battle Network: Operation Shooting Star,0.17
Futurama,0.19
Famicom Mini: Hikari Shinwa: Palutena no Kagami,0.13
The History Channel: Battle for the Pacific,0.08
Animal Kingdom: Wildlife Expedition,0.11
Rayman 3: Hoodlum Havoc,0.16
Momotarou Dentetsu Tag Match: Yuujou - Doryoku - Shouri no Maki!,0.07
Superman Returns,0.2
My First Songs,0.03
Super Ghouls 'n Ghosts,0.13
Boxing,0.12
NHL Open Ice,0.08
Legend of the Guardians: The Owls of Ga'Hoole,0.06
Gundam Battle Tactics,0.06
Touch Detective: Nameko Shigeru,0.11
Need for Speed Underground 2,0.03
Sky Gunner,0.19
And1 Streetball,0.19
Gladius,0.2
The Hustle: Detroit Streets,0.17
PhotoKano,0.11
Warriors Orochi 3,0.16
Real Sound: Kaze no Riguretto,0.2
Blood Drive,0.1
Again,0.18
Soccer Tsuku: Pro Soccer Club o Tsukurou!,0.15
Summon Night 4,0.1
Escape Dead Island,0.18
Torchlight,0.02
Pac-Man World 3,0.01
Rogue Trooper: Quartz Zone Massacre,0.12
Hero Bank,0.16
Disney's Planes,0.06
Winx Club,0.05
World Party Games,0.07
Classic Road,0.16
Cartoon Network: Punch Time Explosion XL,0.17
Utawarerumono: Itsuwari no Kamen,0.12
Damage Inc.: Pacific Squadron WWII,0.06
My Fun Facts Coach,0.2
The Idolm@ster: Live for You!,0.1
Tokimeki Memorial Girl's Side Premium: 3rd Story,0.19
Smashing Drive,0.1
Open Season,0.17
Mega Man Xtreme,0.19
America's Next Top Model,0.14
Bomberman Max 2: Red Advance,0.09
F.E.A.R. 2: Project Origin,0.12
Margot's Word Brain,0.06
Toy Soldiers: War Chest,0.02
Godai: Elemental Force,0.16
Chronicles of Mystery: The Secret Tree of Life,0.12
Still Life,0.1
Big Mutha Truckers 2,0.14
Hang On GP,0.16
Uprising X,0.19
SpongeBob's Truth or Square,0.04
Mega Man Xtreme 2,0.12
"Sesame Street: Ready, Set, Grover!",0.09
I-Ninja,0.03
Sigma Harmonics,0.14
Gunblade NY & L.A. Machineguns Arcade Hits Pack,0.04
The Lord of the Rings: The Battle for Middle-Earth,0.12
Kessen III,0.11
Learn Geography,0.06
Harlem Globetrotters: World Tour,0.17
The King of Fighters Collection: The Orochi Saga,0.2
Summon Night,0.13
Aero Elite: Combat Academy,0.08
"3 in 1: Solitaire, Mahjong & Tangram",0.02
Wrath Unleashed,0.19
Beyond Good & Evil,0.16
Divinity II: Ego Draconis,0.08
Pong / Asteroids / Yars' Revenge,0.1
Commandos 2: Men of Courage,0.05
Emergency 2012,0.12
Winter Sports 2: The Next Challenge,0.04
NOëL: La Neige,0.01
Busou Shinki: Battle Masters,0.2
Overlord: Minions,0.01
Roll Away,0.15
Derby Jockey: Kishou e no Michi,0.07
Fairy Fencer F: Advent Dark Force,0.12
Harukanaru Toki no Naka de 4,0.11
Roogoo Attack!,0.18
Maximum Chase,0.19
Prey the Stars,0.15
Winning Post 7 2012,0.2
Spot Goes to Hollywood,0.1
G Darius,0.06
Mucha Lucha! Mascaritas of the Lost Code,0.05
SD Gundam: Gashapon Wars,0.05
Alvin and the Chipmunks,0.14
Hearts of Iron III,0.08
Picture Perfect Hair Salon,0.01
River King: Mystic Valley (US sales),0.16
Kengo: Legend of The 9,0.05
Romance of the Three Kingdoms XI,0.05
Hammerin' Hero,0.2
Model * Oshare Audition: Dream Girl,0.18
Lupin Sansei: Shijou Saidai no Zunousen,0.15
Dark Souls III,0.11
Petz Fantasy 3D,0.17
WRC 2: FIA World Rally Championship,0.03
Archer Maclean's 3D Pool,0.03
Tak: The Great Juju Challenge,0.04
TMNT: Mutant Melee,0.11
Combat: Task Force 121,0.18
Winning Eleven Playmaker 2010: Aoki Samurai no Chousen,0.06
Goosebumps HorrorLand,0.14
Exhibition Volume 4,0.05
Viewpoint,0.02
Code Geass: Hangyaku no Lelouch - Lost Colors,0.12
Disney's Donald Duck Advance,0.11
Stacked with Daniel Negreanu,0.03
Hakuouki: Yuugi Roku,0.05
The Rub Rabbits!,0.09
Rapala Pro Bass Fishing 2010,0.01
Let's Ride! Friends Forever,0.01
Circus Maximus: Chariot Wars,0.13
Squishy Tank,0.2
Dungeon Maker II: The Hidden War,0.18
Discovery Kids: Parrot Pals,0.02
Kenyuu Densetsu Yaiba,0.06
Kidou Senshi Gundam: Giren no Yabou - Axis no Kyoui V,0.11
Kidou Senshi Gundam: Giren no Yabou - Axis no Kyoui V,0.08
Elements of Destruction,0.15
Serious Sam: Next Encounter,0.07
Eiken DS,0.04
Game Center CX: Arino no Chousenjou 2,0.17
Tom Clancy's Ghost Recon 2,0.07
E.X. Troopers,0.06
The Croods: Prehistoric Party!,0.2
J Legend Retsuden,0.2
SpongeBob's Truth or Square,0.16
Port Royale 3,0.13
Monster Racers,0.19
The King of Fighters: Evolution,0.01
DS Uranai Seikatsu,0.13
Hyperdimension Neptunia Re;Birth 3,0.19
Pro Farm 1,0.04
Pitfall: The Lost Expedition,0.1
Rock Band Country Track Pack 2,0.19
Speed Zone,0.07
All-Star Baseball 2004,0.06
Cho~ricchi! Tamagotchi no Puchi Puchi Omisecchi,0.02
Jewel Time Deluxe,0.2
James Cameron's Dark Angel,0.14
The Legend of Heroes: Trails in the Sky Third Chapter,0.01
Aqua Teen Hunger Force: Zombie Ninja Pro-Am,0.05
Hannspree Ten Kate Honda: SBK Superbike World Championship,0.08
Generator Rex: Agent of Providence,0.18
Alexi Lalas International Soccer,0.2
Dream Trigger 3D,0.12
Monster Rancher Battle Card: Episode II,0.06
NCAA College Football 2K3,0.1
Karaoke Revolution Party,0.18
Crayola: Colorful Journey,0.16
Itoi Shigesato no Bass Tsuri No. 1 Ketteihan!,0.2
Jumper: Griffin's Story,0.14
Operation Darkness,0.05
Emily the Strange: Strangerous,0.17
Famicom Mini: Nazo no Murasame-Jou,0.14
Galerians: Ash,0.2
Dead Island: Riptide,0.02
Jimmie Johnson's Anything With an Engine,0.14
R-Type Command,0.12
Yoostar on MTV,0.07
Just Dance: Disney Party 2,0.05
Kane & Lynch 2: Dog Days,0.15
Haunting Ground,0.05
Mahjong Fight Club DS: Wi-Fi Taiou,0.14
"Hi! Hamtaro - Little Hamsters,big Adventures: Ham-Ham Challenge",0.05
Grand Kingdom,0.1
Robocalypse,0.03
Vampire Knight DS,0.07
Disney Sports Skateboarding,0.05
Homie Rollerz,0.17
Let's Paint,0.19
Rugby League 3,0.13
Magi: The Labyrinth of Beginning,0.09
Escape Dead Island,0.13
Tom Clancy's Splinter Cell: Chaos Theory,0.2
The Croods: Prehistoric Party!,0.02
I Don't Have Many Friends Portable,0.18
SimCity 4: Deluxe Edition,0.16
Jewel Link Chronicles: Legend of Athena,0.15
CSI: Dark Motives,0.19
Burnout Paradise: The Ultimate Box,0.18
Loons: The Fight For Fame,0.06
Romance of the Three Kingdoms IX,0.02
Second Sight,0.2
Metal Gear Solid,0.13
The Legend of Heroes: Trails in the Sky First Chapter,0.1
Totaled!,0.12
Bleach: Heat the Soul 3,0.04
Ecco: The Tides of Time,0.1
Make 10: A Journey of Numbers,0.16
Fantasy Aquarium by DS,0.05
Rock Band Track Pack: Classic Rock,0.16
Operation Flashpoint: Red River,0.04
Machine Head,0.16
Vanguard Bandits,0.12
MLB Front Office Manager,0.04
Lost Heroes,0.09
Vampire Legends: Power of Three,0.06
Child of Light,0.05
The Legend of Heroes VII: The Trail of Zero,0.16
Shin Chan Contra ¡Los Plastas!,0.1
Haikyuu!! Tsunage! Itadaki no Keshiki!!,0.09
Silent Hill: Origins,0.06
Blast Radius,0.15
ESPN National Hockey Night,0.2
Tornado,0.17
Cut the Rope,0.19
Resident Evil: Revelations 2,0.1
Pro Yaky? Spirits 2011,0.06
Taz Wanted,0.17
Disaster: Day of Crisis,0.13
Shounen Sunday x Shounen Magazine: Nettou! Dream Nine,0.01
Harry Potter and the Sorcerer's Stone,0.19
McFarlane's Evil Prophecy,0.1
IA/VT Colorful,0.18
We Sing Rock!,0.14
Wallace & Gromit in Project Zoo,0.08
Shadowgate 64: Trials of the Four Towers,0.05
Super Robot Spirits,0.04
Mia Hamm Soccer 64,0.11
John Madden Football,0.02
Caesars Palace Advance: Millennium Gold Edition,0.14
Aero Gauge,0.15
Battlezone: Rise of the Black Dogs,0.03
Teenage Mutant Ninja Turtles: Tournament Fighters,0.08
Moxie Girlz,0.06
Damnation,0.17
Samurai Warriors,0.14
GunParade Orchestra: Shiro no Shou,0.05
Rec Room Games,0.02
Zettai Zetsumei Toshi 3: Kowareyuku Machi to Kanojyo no Uta,0.05
FIFA Soccer 2004,0.08
Super Robot Taisen OG Saga: Masou Kishin III - Pride of Justice,0.04
Record of Agarest War,0.13
SNK Arcade Classics Vol. 1,0.14
Dave Mirra BMX Challenge,0.1
Rayman 3: Hoodlum Havoc,0.11
Tony Hawk's Pro Skater 5,0.08
Tales of Rebirth,0.15
The Guy Game,0.03
Let's Ride! Dreamer,0.1
Fantasia: Music Evolved,0.12
Tecmo's Deception,0.1
Point Blank DS (JP sales),0.18
Ghost in the Shell: Stand Alone Complex,0.08
G-Saviour,0.17
Open Season,0.14
Gintama DS: Yorozuya Daisoudou,0.15
Drake of the 99 Dragons,0.13
Dave Mirra BMX Challenge,0.12
BlazBlue: Chrono Phantasma,0.2
Crayon Shin-Chan: Obaka Daininden - Susume! Kasukabe Ninja Tai!,0.04
Crimson Sea 2,0.08
Tokyo Twilight Ghost Hunters,0.16
Higurashi no Nakukoru ni Kizuna: Dai-Ichi-Kan - Tatari,0.06
Doraemon: Nobita to Himitsu Dougu Hakubutsukan,0.17
Ragnarok: Hikari to Yami no Koujo,0.05
Saint Seiya: Brave Soldiers,0.2
Earth Defense Force 2: Invaders from Planet Space,0.15
Digimon World Championship,0.09
AMF Bowling Pinbusters!,0.07
RayStorm,0.07
Disney's Winnie the Pooh's Rumbly Tumbly Adventure,0.09
Dynasty Warriors 8: Empires,0.09
Trick DS-han: Kakushi Kami no Sumukan,0.1
Circuit Breakers,0.08
Winter Sports 2011,0.2
futureU: The Prep Game for SAT,0.01
Catwoman,0.17
Colosseum: Road to Freedom,0.15
Tank! Tank! Tank!,0.09
Football Manager 2010,0.2
Target: Terror,0.01
Mugen Souls Z,0.18
BeatMania,0.1
Sprint Cars: Road to Knoxville,0.05
Guilty Gear Xrd -Revelator-,0.12
Crayon Shin-Chan: Densetsu o Yobu Omake no To Shukkugaan!,0.19
Shrek's Carnival Craze Party Games,0.12
Dream Dance & Cheer,0.03
Silpheed: The Lost Planet,0.07
Billy's Boot Camp: Wii de Enjoy Diet!,0.16
Real Time Conflict: Shogun Empires,0.18
Spartan: Total Warrior,0.06
Pitfall: The Lost Expedition,0.15
Hoppechan: Minna de Odekake! Waku Waku Hoppe Land!!,0.12
Fantastic Four,0.17
Yamaha Supercross,0.04
Petz: Hamsterz Bunch,0.16
Higurashi no Naku Koro ni Matsuri: Kakera Asobi,0.06
River City Ransom EX,0.09
Bionicle Heroes,0.14
San Goku Shi Taisen Ten,0.03
Ant Nation,0.17
Fable: The Lost Chapters,0.19
Fairy Tail: Zelef Kakusei,0.16
Strike Point,0.11
Crazy Taxi 2,0.07
The Sims 2: Seasons,0.1
Dragon Slayer: The Legend of Heroes,0.11
Street Fighter II': Special Champion Edition (JP weekly sales),0.01
Pizza Delivery Boy,0.07
Tom and Jerry in War of the Whiskers,0.03
Keroro RPG: Kishi to Musha to Densetsu no Kaizoku,0.05
Famicom Mini: Wrecking Crew,0.17
Suzumiya Haruhi no Gekidou,0.09
Lost Heroes 2,0.17
Heavenly Guardian,0.04
Dynasty Warriors DS: Fighter's Battle,0.07
The Testament of Sherlock Holmes,0.18
Space Hulk: Vengeance of the Blood Angels,0.13
Robot Alchemic Drive,0.13
Alpha and Omega,0.12
Motor Toon Grand Prix (Japan),0.03
Dino Master: Dig Discover Duel,0.11
Ken to Mahou to Gakuen Mono. 3,0.06
Tomb Raider: Legend,0.05
Warhammer: Battle For Atluma,0.01
Hikaru no Go: Heian Gensou Ibunroku,0.17
Eagle Flight,0.08
Operation: Vietnam,0.15
Samurai Shodown,0.16
OverBlood 2,0.16
Fighter Maker 2,0.12
Lifeline,0.19
Judie no Atelier: Guramnat no Renkinjutsushi,0.1
Dragon Valor,0.19
Tokyo Beat Down,0.07
NHL 2005,0.02
Midway Arcade Treasures 3,0.12
Microsoft Flight Simulator 2004: A Century of Flight,0.05
"Horrid Henry: The Good, The Bad and The Bugly",0.08
Firefighter F.D.18,0.08
Anubis II,0.04
Goodbye Deponia,0.02
Pro Yaky? Spirits 2014,0.17
Legend of Kay,0.04
Cartoon Network: Punch Time Explosion XL,0.12
DS Nishimura Kyotaro Suspense 2 Shin Tantei Series: Kanazawa Hakodate - Gokkan no Kyoukoku - Fukushuu no Kage,0.14
The Book of Unwritten Tales 2,0.16
Ultimate Board Game Collection,0.07
Mega Man X4,0.01
Jackass the Game DS,0.15
Jake Power: Handyman,0.08
My Dress-Up,0.2
Power Pro GB,0.02
Beat City,0.18
Sudoku Fever,0.08
Inversion,0.06
The Putter Golf,0.15
Ultimate Marvel vs. Capcom 3,0.01
The Powerpuff Girls: Relish Rampage,0.15
Super Real Mahjong Graffiti,0.18
Future Card Buddy Fight: Yuujou no Bakunetsu Fight,0.2
Ninja Warriors,0.08
Army Men: RTS,0.13
Classic Action: Devilish,0.18
Zettai Onkan Otoda Master,0.16
Assassin's Creed Chronicles,0.2
Dragoneer's Aria,0.1
Xbox Live Arcade Unplugged Volume 1,0.19
TigerShark,0.16
Major League Baseball 2K10,0.02
Norse by Norsewest: The Return of the Lost Vikings,0.05
N+,0.06
Titanic Mystery,0.09
Backyard NFL Football '09,0.13
Obscure,0.12
Sega Soccer Slam,0.06
Katekyoo Hitman Reborn! DS: Fate of Heat - Hono no Unmei,0.02
Shin Lucky * Star: Moe Drill ~Tabidachi~,0.2
DefCon 5,0.07
Secret Service: Ultimate Sacrifice,0.04
Transformer: Rise of the Dark Spark (3DS),0.2
Deep Labyrinth,0.08
Nichibeikan Pro Yakyuu: Final League,0.09
Spawn: Armageddon,0.16
God Hand,0.04
Shin Chan: Las Nuevas Aventuras Para Wii!,0.19
Junior Classic Books & Fairytales,0.08
Legends of Wrestling II,0.04
Fatal Fury: Battle Archives Volume 2,0.06
Mario Tennis,0.18
Jurassic Park: Operation Genesis,0.04
FIFA Soccer 06,0.09
Freddi Fish: Kelp Seed Mystery,0.01
RedCard 20-03,0.12
Brothers in Arms: Furious 4,0.11
Future Tactics: The Uprising,0.14
Kanji Sonomama DS Rakubiki Jiten,0.1
Driver: Parallel Lines,0.09
Hyperdimension Neptunia Victory,0.19
everGirl,0.15
Heroes Phantasia,0.04
Top Gun,0.02
Batman: Rise of Sin Tzu,0.1
Chuugaku Eitango Target 1800 DS,0.14
Sherlock Holmes: Crimes & Punishments,0.03
Basketball Hall of Fame Ultimate Hoops Challenge,0.12
Dragon Ball Z: Battle of Z,0.01
World Racing,0.17
Resident Evil 5,0.06
X-Men: The Official Game,0.16
Disney's Party,0.04
Generator Rex: Agent of Providence,0.07
Storybook Workshop,0.16
Command & Conquer 3: Tiberium Wars,0.18
Card Games,0.18
Tropix,0.04
Mega Man: Battle & Chase,0.14
Winning Post 7 2010,0.2
Build-A-Bear Workshop: Friendship Valley,0.19
Pipe Mania,0.01
Daniel X: The Ultimate Power,0.12
Destrega,0.19
Fantasy Aquarium World,0.01
Nobunaga no Yabou: Tendou with Power-Up Kit,0.04
The Final Round,0.04
MAPLUS: Portable Navi,0.03
Rayman Arena,0.15
Order Up!!,0.03
Reader Rabbit 1st Grade,0.06
The King of Fighters 02/03,0.02
Port Royale 3,0.13
Army Men: Green Rogue,0.07
Centipede / Breakout / Warlords,0.08
Lucian Bee's: Justice Yellow / Evil Violet,0.06
Sly 2: Band of Thieves,0.01
Armored Core: Nine Breaker,0.08
Doraemon: Nobita no Shin Makai Daibouken DS,0.13
Terraria,0.16
Cabela's Big Game Hunter 2005 Adventures,0.18
Worms 3D,0.01
BlazBlue: Chrono Phantasma Extend,0.01
TRON: Evolution,0.18
Pac-Man and the Ghostly Adventures 2,0.17
Dark Souls,0.08
National Geographic Challenge!,0.07
Gambler Densetsu Tetsuya,0.17
The Guided Fate Paradox,0.14
Mayhem 3D,0.08
Bleach: Hanatareshi Yabou,0.16
Karaoke Revolution Party,0.17
Alex Rider: Stormbreaker,0.09
Yoake Yori Ruriiro na: Brighter than Dawning Blue,0.18
Carol Vorderman's Sudoku,0.18
Pandemonium 2,0.13
Gundam Try Age SP,0.16
WipEout HD Fury,0.2
Fallout: Brotherhood of Steel,0.01
Dreamer Series: Pop Star,0.07
Penguins of Madagascar,0.17
12-Sai. Honto no Kimochi,0.03
Parlor! Mini 2,0.02
"Flower, Sun, and Rain",0.13
Gunstar Super Heroes,0.06
C: The Contra Adventure,0.18
Interactive Storybook DS Series 1,0.17
Frogger Advance: The Great Quest,0.1
Cities XL 2012,0.04
Worms Forts: Under Siege,0.2
Dream C Club,0.15
Pocky & Rocky with Becky,0.01
The Tale of Despereaux,0.13
Jam Sessions 2,0.16
Full Spectrum Warrior: Ten Hammers,0.17
Streets of Rage 3,0.05
Just Dance: Disney Party 2,0.01
Natural Doctrine,0.17
Hasbro Family Game Night Fun Pack,0.05
Pro Yaky? Spirits 4,0.13
Prince of Persia: The Fallen King,0.12
My Horse & Me: Riding for Gold,0.06
Speed Racer,0.2
NHL Hitz Pro,0.05
Cardfight!! Vanguard: Lock On Victory!!,0.07
Broken Sword 5: The Serpent's Curse,0.02
Alan Wake,0.13
Atelier Meruru: Alchemist of Arland 3,0.01
Hot Wheels: Burnin' Rubber,0.14
Lost in Blue 2,0.15
Ojyousama Express,0.06
Risen 3: Titan Lords,0.11
Steambot Chronicles: Battle Tournament,0.19
Wings of War,0.2
187: Ride or Die,0.02
RPG Maker 3,0.11
Zatch Bell! Mamodo Battles,0.14
Genkai Tokki Monster Monpiece,0.14
Desert Strike Advance,0.2
Kabuki Warriors,0.15
Discworld,0.16
Motion Explosion!,0.15
World Poker Tour,0.12
Age of Empires III: The Asian Dynasties,0.03
Elite Forces: Unit 77,0.1
IL-2 Sturmovik: Birds of Prey,0.19
Moshi Monsters: Katsuma Unleashed,0.03
Pirates: The Legend of Black Kat,0.08
July,0.1
Crime Lab: Body of Evidence,0.16
Disney's Chicken Little: Ace In Action,0.13
ESPN Winter X-Games: Snowboarding 2002,0.1
Bleach: Versus Crusade,0.04
Kanon,0.19
NanoBreaker,0.16
You Don't Know Jack,0.19
Bionicle,0.2
GRID 2,0.19
Cabela's Trophy Bucks,0.17
Cosmos Chaos!,0.12
Guitar Freaks 3rdMIX & DrumMania 2ndMIX,0.16
Taiko no Tatsujin: Atsumete Tomodachi Daisakusen!,0.07
Criminal Girls: Invite Only,0.13
Miami Vice: The Game,0.13
Samurai Warriors Chronicles 3,0.02
BMX XXX,0.12
Disney's Magical Quest 2 Starring Mickey and Minnie,0.13
Bullet Girls,0.16
One Piece: Unlimited World Red,0.13
Aggressive Inline,0.17
Ikki Tousen: Xross Impact,0.1
Smart Boy's Toys Club,0.1
Insecticide,0.2
Super Mahjong 2: Honkaku 4Jin Uchi,0.2
XGRA: Extreme G Racing Association,0.09
Mitsukete! Keroro Gunsou: Machigai Sagashi Daisakusen de Arimasu!,0.05
Family Trainer: Treasure Adventure,0.05
Pop'n Music Portable 2,0.04
Kamen Rider: Dragon Knight,0.15
Darksiders II,0.09
Ys vs. Sora no Kiseki: Alternative Saga,0.11
Naruto: Ultimate Ninja Heroes (JP sales),0.03
Akagawa Jirou Mystery: Yasoukyoku - Hon ni Manekareta Satsujin,0.1
Ray Tracers,0.12
Mario vs. Donkey Kong: Tipping Stars,0.11
Tournament of Legends,0.17
Frogger: Helmet Chaos,0.07
Escape from Bug Island,0.12
Nicola Kanshuu: Model * Oshare Audition,0.15
Hisshou Pachinko*Pachi-Slot Kouryaku Series Vol. 14: CR Shinseiki Evangelion: Saigo no Mono,0.14
Cold Stone Creamery: Scoop It Up,0.09
My Pet Shop,0.18
James Bond 007: Blood Stone,0.02
Kururin Paradise,0.19
Gradius Collection,0.02
Kiniro no Corda 2,0.02
Dynasty Warriors Vs,0.07
Fist of the North Star: Ken's Rage 2,0.09
Gallop Racer 2004,0.19
Sunrise Eiyuutan R,0.13
Rayman: Hoodlum's Revenge,0.2
Mobile Suit Gundam Seed: Never Ending Tomorrow,0.1
F1 2001,0.14
Utawarerumono: Futari no Hakuoro,0.1
Fishing Master (jp sales),0.07
OK! Puzzle Stars,0.13
Zill O'll Infinite Plus,0.15
Tonka Rescue Patrol,0.09
GunGriffon II,0.18
Crimson Gem Saga,0.17
Monster Tale,0.16
Legend of the Dragon,0.12
Cel Damage,0.2
Backyard Hockey,0.13
Famicom Mini: Balloon Fight,0.01
Steins;Gate: Senkei Kousoku no Phonogram,0.12
Seaman 2: Peking Genjin Ikusei Kit,0.11
Chou Gekijouban Keroro Gunsou 3: Tenkuu Daibouken de Arimasu!,0.18
Sprung - A Game Where Everyone Scores,0.18
Mirror's Edge Catalyst,0.04
The Pinball of the Dead,0.09
Growlanser IV: Over Reloaded,0.11
Arc the Lad: End of Darkness,0.08
The King of Route 66,0.19
Tom Clancy's Splinter Cell: Pandora Tomorrow,0.04
Western Riding Academy,0.13
Bubble Bobble also featuring Rainbow Islands,0.03
Intellivision Lives!,0.17
Tokobot,0.01
Monster Madness: Grave Danger,0.11
Panzer Tactics,0.05
Pro Yaky? Spirits 2013,0.13
Robotica,0.18
Super Robot Wars OG: The Moon Dwellers,0.05
Deathrow: Underground Team Combat,0.08
The Amazing Spider-Man 2 (2014),0.1
Paws & Claws: Marine Rescue,0.09
Land of the Dead: Road to Fiddler's Green,0.18
Odin Sphere: Leifthrasir,0.16
R-Types,0.15
Star Fighter,0.03
Game Center CX: 3-Choume no Arino,0.03
Assetto Corsa,0.15
NHL 2K9,0.19
Kuukan * Zukei: Hirameki Training - KuuTore,0.17
Osu! Tatakae! Ouendan,0.18
Dissidia: Final Fantasy Universal Tuning,0.1
Fast Food Panic,0.19
"Warhammer 40,000: Squad Command",0.03
Johnny Test,0.04
One Piece: Burning Blood,0.16
TrackMania Turbo,0.11
Pro Evolution Soccer 2015,0.11
Jewels of the Ages,0.03
Meitantei Conan: Aoki Houseki no Rinbukyoku,0.07
The Legend of Heroes: Trails in the Sky Second Chapter,0.19
Zero Escape: Zero Time Dilemma,0.17
Bionicle Heroes,0.03
Mystic Heroes,0.15
Tron 2.0: Killer App,0.2
Jurassic Park III: Park Builder,0.15
Unchained Blades,0.08
NHL Legacy,0.01
Rurouni Kenshin: Meiji Kenkaku Romantan Saisen,0.18
Santa Claus Is Comin' to Town!,0.05
Disney Infinity 2.0: Marvel Super Heroes,0.13
Octomania,0.16
Godzilla (2014),0.16
Code Geass: Hangyaku no Lelouch - Lost Colors,0.11
Showtime Championship Boxing,0.05
LEGO Bionicle,0.02
Ansatsu Kyoushitsu: Assassin Ikusei Keikaku!!,0.19
Power Shovel,0.04
Bomberman Land,0.12
A llI S.V.: A Ressha de Gyoukou 3 Super Version,0.14
My Pet Chimp,0.13
Generator Rex: Agent of Providence,0.02
Chrysler Classic Racing,0.18
Spy Games: Elevator Mission,0.01
The Book of Unwritten Tales: The Critter Chronicles,0.06
Steins;Gate,0.07
Nights of Azure,0.09
Strike Force Bowling,0.09
Age of Empires Online,0.01
Earth Defense Force 2017 Portable,0.12
Atelier Iris 2: The Azoth Of Destiny,0.05
Spy Fox in Dry Cereal,0.05
There,0.1
Tokimeki no Houkago,0.02
Championship Surfer,0.16
Zumba Fitness Core,0.01
Lego Batman 3: Beyond Gotham,0.01
Di-Gata Defenders,0.08
Monster Garage,0.14
ZhuZhu Pets: Quest for Zhu,0.13
Akai Katana Shin,0.13
A-Train: City Simulator,0.15
Tecmo Classic Arcade,0.2
2 Games in 1: Sonic Pinball Party & Columns Crown,0.18
Mad Maestro!,0.07
Densha De Go! 3 Tsuukinhen,0.11
Biker Mice From Mars,0.17
From The Abyss,0.09
Jewel Quest IV: Heritage,0.04
Daito Giken Koushiki Pachi-Slot Simulator: Ossu! Banchou Portable,0.2
Sudoku Ball Detective,0.12
The LEGO Movie Videogame,0.18
DuckTales: Remastered,0.16
Giants: Citizen Kabuto,0.08
Steins;Gate,0.02
Crayon Shin-chan: Arashi o Yobu Kasukabe Eiga Stars!,0.01
Star Wars Knights of the Old Republic II: The Sith Lords,0.05
MX vs. ATV Supercross,0.13
Grand Kingdom,0.05
Risen 3: Titan Lords,0.19
Guilty Gear XX Accent Core Plus,0.18
LEGO Batman: The Videogame,0.12
Alone in the Dark,0.1
Muppets Party Cruise,0.12
Higurashi Daybreak Portable,0.01
Shonen Jump's One Piece: Grand Battle,0.05
Transformer: Rise of the Dark Spark,0.03
Barbie Horse Adventures: Wild Horse Rescue,0.13
Blast Lacrosse,0.04
Kikou Heidan J-Phoenix,0.16
Backyard NFL Football '10,0.18
DreamWorks Super Star Kartz,0.06
Earth Defense Force 4.1: The Shadow of New Despair,0.02
Legend of Kay,0.13
Shonen Jump's Shaman King: Legacy of the Spirits - Soaring Hawk/Sprinting Wolf,0.16
Bubble Bobble: Old & New,0.16
Speed,0.11
Naruto Shippuden: Gekito Ninja Taisen! Special,0.02
Jissen Pachislot Secrets! Fist of the North Star F - Seikimatsu Kyuuseishu Densetsu,0.17
Kekkon: Marriage,0.03
KimiKiss,0.09
Nicola Kanshuu: Model * Oshare Audition 2,0.09
Cold Fear,0.1
Imagine: Gymnast,0.13
Hisshou Pachinko*Pachi-Slot Kouryaku Series Portable Vol. 1: Shinseiki Evangelion - Tamashii no Kiseki,0.05
Challenge Me: Brain Puzzles,0.04
Shining Force Feather,0.01
The Technomancer,0.09
Kurupoto Cool Cool Stars,0.19
Attack on Titan (KOEI),0.15
Cocoto Kart Racer,0.03
Mobile Suit Gundam 00: Gundam Meisters,0.08
Imagine: Cheerleader,0.07
Nazotoki Battle Tore! Densetsu no Makyuu o Fukkatsu Saseyo!,0.2
Theme Park,0.13
Call of Cthulhu: Dark Corners of the Earth,0.08
The Great Escape,0.17
Blur,0.14
Super Robot Wars OG Saga Masou Kishin F: Coffin of the End,0.03
The Next BIG Thing,0.02
Metal Gear Solid: Social Ops,0.05
Minna no DS Seminar: Kanpeki Eitango Ryoku,0.19
Kirarin * Revolution: Minna de Odorou Furi Furi Debut!,0.06
PenPen TriIceLon,0.2
Salt Lake 2002,0.04
SBK 2011: FIM Superbike World Championship,0.06
DropCast,0.13
Alien Syndrome,0.11
Vexx,0.07
Crazy Chicken Tales,0.03
Hagane no Renkinjutsushi - Fullmetal Alchemist: Yakusoku no Hi e,0.1
Mega Man Battle Network 5: Double Team DS (US sales),0.02
Attack on Titan (KOEI),0.06
Batman: Rise of Sin Tzu,0.02
Secret Files: Tunguska,0.14
EverQuest II: Destiny of Velious,0.07
Unreal Tournament III,0.06
Disney Sports Skateboarding,0.12
Summon Night 6: Lost Borders,0.1
Summon Night 2,0.13
Chou Soujuu Mecha MG,0.14
Pro Evolution Soccer 2012,0.09
Grey's Anatomy: The Video Game,0.03
Terminator 3: The Redemption,0.01
Arkanoid DS,0.05
Call of Duty 2,0.14
Big Bang Mini,0.19
Rurouni Kenshin: Meiji Kenyaku Romantan - Kansen,0.01
Chevrolet Camaro: Wild Ride,0.1
Genkai Tokki: Moero Crystal,0.09
Project Setsuna,0.04
Serious Sam II,0.09
Neon Genesis Evangelion,0.17
Song of the Deep,0.1
JoJo's Bizarre Adventure: All Star Battle,0.03
Digimon All-Star Rumble,0.16
The Legend of Heroes VII: The Trail of Blue,0.07
MotoGP 10/11,0.11
Cabela's Big Game Hunter (2008),0.05
Dead Rising 2: Off the Record,0.02
Flipnic: Ultimate Pinball,0.04
ICO,0.13
Eigo de Tabisuru: Little Charo,0.16
World Series of Poker 2008: Battle for the Bracelets,0.17
NBA Hangtime,0.07
Busy Scissors,0.19
Dreamer Series: Zoo Keeper,0.2
D.C. II P.S.: Da Capo II Plus Situation,0.15
The Witcher,0.12
Mike Piazza's Strike Zone,0.11
Bust-A-Move '99,0.16
Star Soldier: Vanishing Earth,0.04
Top Gear Hyper-Bike,0.19
Brunswick Circuit Pro Bowling,0.17
Olympic Hockey 98,0.1
CyberTiger,0.04
Polaris SnoCross,0.16
Penny Racers,0.07
S.C.A.R.S,0.17
Another Code R: A Journey into Lost Memories,0.16
Virtual Chess 64,0.13
Marvel Super Heroes,0.02
Worms Blast,0.02
Atelier Sophie: The Alchemist of the Mysterious Book,0.05
Prinny: Can I Really Be The Hero? (US sales),0.11
Coded Arms: Contagion,0.03
Foster's Home for Imaginary Friends: Imagination Invaders,0.02
Smile PreCure! Let's Go! Marchen World,0.15
S.T.A.L.K.E.R.: Call of Pripyat,0.12
IHRA Professional Drag Racing 2005,0.11
Tokyo Xtreme Racer Advance,0.03
Doraemon: Nobita no Uchuu Eiyuuki,0.14
Disney's Kim Possible: Global Gemini,0.14
Rock Blast,0.09
I Love Beauty: Hollywood Makeover,0.2
A New Beginning,0.03
World Cup of Pool,0.02
Santa Claus Is Comin' to Town!,0.15
Create,0.11
MLB Power Pros 2008,0.1
Combat Elite: WWII Paratroopers,0.12
Power Pro Success Legends,0.18
Killer Loop,0.08
Cabela's Dangerous Hunts: Ultimate Challenge,0.07
Little League World Series Baseball 2008,0.07
Worldwide Soccer,0.14
Toriko: Gourmet Battle!,0.15
Tony Hawk's Pro Skater 5,0.16
Showtime Championship Boxing,0.16
Commandos: Strike Force,0.2
Mobile Suit Gundam: Gundam vs. Zeta Gundam,0.15
Puzzler Collection,0.04
Rapala Pro Fishing,0.01
Guilty Gear X: Advance Edition,0.03
Fate/Tiger Colosseum Upper,0.07
Zaidan Houjin Nippon Kanji Nouryoku Kentei Kyoukai Kounin: KanKen DS3 Deluxe,0.15
Warriors of the Lost Empire,0.04
Pop Cutie! Street Fashion Simulation,0.16
Ford Racing 3,0.19
Culdcept Revolt,0.07
Devil's Third,0.11
PachiPara 13: Super Umi no Pachi-Pro Fuuunroku,0.15
World Soccer Winning Eleven 9 (US sales),0.13
Star Trek: Tactical Assault,0.02
Oddworld: Munch's Oddysee,0.02
Winning Post 4 Maximum,0.09
Xiaolin Showdown,0.01
Exhibition Volume 5,0.09
Record of Lodoss War: Eiyuu Sensou,0.2
Pro Yakyuu Netsu Star 2007,0.2
Starry ? Sky: In Summer,0.09
Klonoa Beach Volleyball,0.02
Melty Blood: Actress Again,0.14
Mahouka Koukou no Rettousei: Out of Order,0.2
3D Lemmings,0.13
Hi Hi Puffy AmiYumi: Kaznapped,0.04
Broken Sword: The Shadow of the Templars,0.05
Resident Evil - Code: Veronica X,0.01
Corpse Party: Back to School Edition,0.15
Tenchi Muyou! Ryoukouki Gokuraku,0.15
Kelly Slater's Pro Surfer,0.17
I Am In The Movie,0.18
Zoo Tycoon: Complete Collection,0.06
Trapt,0.14
Splat Renegade Paintball,0.14
Lord of Magna: Maiden Heaven,0.09
SpongeBob SquarePants: Plankton's Robotic Revenge,0.14
Metal Max 4: Gekkou no Diva,0.06
Magi: Aratanaru Sekai,0.08
Worms 3D,0.08
Playmobil Knights,0.13
MXGP 2,0.17
PoPoLoCrois,0.08
Dragon Rage,0.09
Theresia...,0.1
Sacred 2: Fallen Angel,0.14
Dance Sensation!,0.09
Adventure Time: The Secret of the Nameless Kingdom,0.03
Teenage Mutant Ninja Turtles 3: Mutant Nightmare,0.07